customer_id,total_revenue,invoice_count,avg_invoice_value
144,75838,14,5417
111,94829,19,4991
79,43967,7,6281
453,90588,12,7549
111,15228,4,3807
165,268604,28,9593
471,122760,30,4092
106,38870,10,3887
427,115800,15,7720
243,91616,28,3272
396,27027,9,3003
36,203730,30,6791
391,104793,13,8061
309,60810,15,4054
220,38912,19,2048
137,97254,27,3602
455,124046,26,4771
83,52668,21,2508
462,187815,19,9885
77,92535,15,6169
467,180148,29,6212
235,9040,2,4520
208,34936,8,4367
55,25304,8,3163
99,142416,23,6192
55,80680,10,8068
489,101201,17,5953
124,83358,11,7578
250,4028,2,2014
90,186960,20,9348
79,90454,26,3479
492,86592,16,5412
116,68486,22,3113
228,127638,21,6078
214,137550,30,4585
411,133935,15,8929
79,75768,28,2706
33,117450,30,3915
55,67104,12,5592
338,103800,25,4152
127,218792,28,7814
252,125664,14,8976
317,43302,6,7217
198,35472,16,2217
362,86835,15,5789
181,64190,7,9170
420,150192,28,5364
194,82360,29,2840
21,27663,3,9221
203,195286,26,7511
297,112560,30,3752
332,78048,12,6504
101,39342,6,6557
30,17920,4,4480
424,29493,3,9831
348,21645,3,7215
379,223680,30,7456
400,53160,20,2658
324,12730,5,2546
68,3745,1,3745
446,95340,15,6356
471,168966,21,8046
418,73548,12,6129
441,31364,4,7841
397,33085,5,6617
445,33995,5,6799
381,76778,13,5906
400,78190,14,5585
278,104181,11,9471
368,47544,6,7924
404,143956,17,8468
159,118566,14,8469
393,154440,30,5148
276,5034,2,2517
1,102106,19,5374
340,43638,6,7273
103,76780,10,7678
173,238931,29,8239
377,227160,24,9465
137,69120,8,8640
218,57528,17,3384
141,159904,19,8416
66,84228,12,7019
167,29127,3,9709
296,14282,2,7141
274,49235,5,9847
138,59136,24,2464
255,39730,10,3973
43,115200,30,3840
367,208470,30,6949
347,48805,5,9761
102,149520,24,6230
429,193020,30,6434
101,152940,30,5098
384,6789,3,2263
404,193928,28,6926
413,4026,1,4026
209,176928,19,9312
223,16758,3,5586
376,238699,29,8231
397,57981,7,8283
290,109500,30,3650
8,9434,2,4717
182,111942,27,4146
10,99788,26,3838
455,71253,21,3393
148,144936,27,5368
478,189441,21,9021
389,69342,14,4953
117,203458,23,8846
4,47256,8,5907
305,126620,20,6331
374,42080,20,2104
296,133168,28,4756
315,37341,9,4149
134,184492,22,8386
353,142538,22,6479
370,119484,18,6638
93,55380,12,4615
63,49308,6,8218
156,81466,11,7406
61,126120,24,5255
460,28977,13,2229
158,105585,15,7039
439,275181,29,9489
215,101860,20,5093
294,147475,25,5899
30,124300,25,4972
286,10328,4,2582
248,50330,14,3595
349,231900,30,7730
75,98480,16,6155
50,130050,15,8670
310,43301,19,2279
352,68512,16,4282
188,132412,14,9458
371,91700,20,4585
30,48096,18,2672
330,5284,1,5284
195,119376,16,7461
91,34463,11,3133
102,103235,11,9385
84,164814,26,6339
495,29106,6,4851
417,13440,2,6720
305,35432,4,8858
272,148800,16,9300
354,166719,21,7939
108,74322,18,4129
86,53160,12,4430
347,89256,24,3719
29,94744,13,7288
74,114120,24,4755
430,100350,25,4014
193,7059,3,2353
75,99516,12,8293
160,16264,2,8132
217,91098,18,5061
219,39102,6,6517
330,53248,8,6656
211,42857,17,2521
63,60801,13,4677
326,38570,7,5510
412,4336,1,4336
150,48960,9,5440
408,238086,27,8818
339,118620,15,7908
428,63323,13,4871
408,48185,23,2095
83,5933,1,5933
220,97411,29,3359
62,196740,20,9837
419,41265,15,2751
328,65712,8,8214
431,98933,19,5207
314,99200,10,9920
346,134046,18,7447
355,174048,21,8288
45,16164,3,5388
255,7888,2,3944
84,28008,6,4668
350,160704,18,8928
440,142848,24,5952
15,56120,23,2440
494,24514,7,3502
152,49654,22,2257
401,91970,17,5410
394,179816,26,6916
65,129912,24,5413
258,70536,24,2939
171,34713,9,3857
175,51340,17,3020
449,115092,12,9591
347,81396,19,4284
383,104398,14,7457
307,39605,5,7921
65,170660,23,7420
163,101426,26,3901
291,200500,25,8020
382,68696,8,8587
419,267759,27,9917
387,188730,27,6990
88,6797,1,6797
208,59875,25,2395
65,66880,8,8360
408,24956,4,6239
280,130302,18,7239
335,99290,10,9929
378,82082,22,3731
299,69296,16,4331
36,101200,16,6325
7,33456,4,8364
450,198009,21,9429
95,7570,2,3785
268,154489,19,8131
106,55188,6,9198
87,67896,23,2952
275,117943,29,4067
330,185280,24,7720
392,30042,6,5007
411,53008,16,3313
305,179175,25,7167
86,132660,22,6030
467,79344,19,4176
495,140850,30,4695
271,21420,3,7140
107,35844,6,5974
43,139839,21,6659
255,205674,21,9794
205,52230,6,8705
130,73206,9,8134
223,25728,8,3216
233,54441,9,6049
191,98211,19,5169
436,102249,21,4869
185,41115,5,8223
411,77556,23,3372
133,136561,17,8033
313,128880,24,5370
25,45617,11,4147
28,25970,10,2597
102,105911,13,8147
289,175122,23,7614
120,129192,21,6152
4,228816,28,8172
71,102711,21,4891
458,103896,13,7992
56,34335,7,4905
376,7122,2,3561
280,35688,8,4461
395,181108,19,9532
168,81000,9,9000
467,9230,1,9230
15,42060,20,2103
443,65150,25,2606
74,19032,3,6344
161,2933,1,2933
361,88260,20,4413
334,25900,5,5180
15,123600,15,8240
278,271680,30,9056
411,67500,10,6750
86,152925,25,6117
197,65458,23,2846
281,26232,4,6558
213,137120,16,8570
87,104618,17,6154
253,103599,27,3837
130,77463,27,2869
240,122048,16,7628
120,105716,19,5564
471,95160,15,6344
197,71244,9,7916
265,15636,3,5212
415,5581,1,5581
68,73328,8,9166
50,128016,14,9144
426,47447,17,2791
177,24240,3,8080
310,234494,26,9019
303,103807,11,9437
129,120885,15,8059
479,192525,25,7701
291,103194,18,5733
467,44100,15,2940
56,10233,3,3411
428,10636,4,2659
133,173964,19,9156
55,16900,2,8450
227,53920,16,3370
255,156600,24,6525
211,49080,20,2454
233,89832,24,3743
15,64570,11,5870
291,196250,25,7850
37,48932,13,3764
114,31375,5,6275
433,60269,11,5479
464,57640,22,2620
63,75928,8,9491
408,27176,8,3397
176,88274,19,4646
2,234291,29,8079
400,48587,7,6941
216,32588,4,8147
353,115740,15,7716
153,105869,23,4603
328,105079,13,8083
75,21534,6,3589
452,122850,30,4095
143,75280,20,3764
117,141760,20,7088
13,182597,23,7939
491,125685,19,6615
330,167000,20,8350
143,146421,29,5049
24,46210,5,9242
406,158304,17,9312
151,58772,14,4198
29,98688,16,6168
298,23421,3,7807
52,162222,19,8538
8,143431,19,7549
227,71200,8,8900
448,106536,12,8878
246,9032,1,9032
155,7424,2,3712
48,104907,17,6171
345,49894,13,3838
113,89894,14,6421
219,64580,20,3229
187,77096,8,9637
456,191250,25,7650
44,32904,12,2742
395,48369,23,2103
364,22688,4,5672
273,49435,5,9887
145,95654,26,3679
41,30797,13,2369
88,25267,11,2297
117,21615,5,4323
214,243540,27,9020
211,40698,9,4522
107,53640,20,2682
83,47796,14,3414
449,260971,29,8999
36,92763,11,8433
61,115545,15,7703
419,114977,23,4999
138,100232,11,9112
215,92110,10,9211
149,127425,15,8495
42,52304,14,3736
309,90156,22,4098
144,51426,6,8571
19,262410,30,8747
60,62304,11,5664
50,26257,7,3751
191,11630,2,5815
396,70450,25,2818
290,115836,28,4137
10,10462,2,5231
136,180819,27,6697
477,70414,19,3706
216,75582,19,3978
310,214900,25,8596
375,30432,4,7608
455,136170,15,9078
111,69667,13,5359
365,20648,4,5162
99,78080,20,3904
58,173691,27,6433
102,95342,19,5018
285,99711,27,3693
12,9597,1,9597
497,176757,19,9303
144,89865,9,9985
213,81306,9,9034
151,198191,23,8617
113,196768,22,8944
291,75762,23,3294
123,44968,8,5621
55,167424,24,6976
8,90255,11,8205
305,98070,21,4670
9,160650,21,7650
474,142840,20,7142
50,19992,7,2856
366,29085,3,9695
26,9246,1,9246
401,13245,3,4415
126,85824,9,9536
181,136080,30,4536
135,46494,21,2214
402,35332,4,8833
390,2538,1,2538
20,87846,22,3993
310,21995,5,4399
305,14250,5,2850
402,90260,20,4513
427,11194,2,5597
428,145638,18,8091
363,45780,20,2289
215,69210,9,7690
214,100100,20,5005
387,131814,18,7323
288,35088,17,2064
119,20027,7,2861
57,34500,12,2875
78,68925,15,4595
497,199100,25,7964
19,18214,2,9107
398,21903,3,7301
480,102705,15,6847
344,27515,5,5503
28,130050,18,7225
456,147725,19,7775
223,12972,4,3243
92,10040,2,5020
134,64078,14,4577
146,16848,6,2808
240,166700,25,6668
451,104654,11,9514
261,39084,4,9771
385,154656,27,5728
254,12898,2,6449
4,78120,12,6510
11,134120,14,9580
409,230010,30,7667
230,91124,11,8284
457,255374,29,8806
375,75725,25,3029
9,157696,16,9856
452,54236,26,2086
37,111122,22,5051
131,42984,12,3582
398,157228,23,6836
142,122077,17,7181
414,167110,17,9830
500,66276,9,7364
34,46908,18,2606
33,34500,12,2875
108,106951,13,8227
218,47413,17,2789
135,114780,12,9565
195,156240,16,9765
412,112368,12,9364
72,221390,26,8515
2,183770,23,7990
398,99960,17,5880
42,21064,8,2633
139,83730,30,2791
34,171720,27,6360
239,89170,10,8917
180,58728,24,2447
5,89664,24,3736
220,104730,30,3491
230,67145,13,5165
288,208000,25,8320
264,7761,1,7761
130,25860,4,6465
310,85215,15,5681
289,101703,21,4843
110,116016,12,9668
200,26312,11,2392
417,59238,9,6582
319,16058,7,2294
398,73032,8,9129
355,130150,25,5206
149,184483,23,8021
299,20708,4,5177
333,50448,6,8408
136,190944,24,7956
497,4164,2,2082
327,80597,17,4741
394,158990,26,6115
439,159747,21,7607
23,39644,4,9911
152,69160,20,3458
191,59500,7,8500
474,180144,24,7506
86,96000,10,9600
449,57856,16,3616
39,105042,21,5002
369,91040,10,9104
86,8720,4,2180
406,29645,5,5929
267,190960,22,8680
383,142406,22,6473
305,118825,25,4753
231,144528,24,6022
113,180075,21,8575
270,31515,15,2101
398,75573,9,8397
473,156325,25,6253
171,257580,27,9540
323,56419,23,2453
433,33328,4,8332
107,136908,18,7606
365,75069,9,8341
12,31776,8,3972
20,169659,21,8079
382,36015,5,7203
219,53601,17,3153
467,142048,16,8878
412,168150,25,6726
486,118430,13,9110
395,148710,15,9914
301,123864,26,4764
396,184962,29,6378
101,10504,2,5252
252,20352,8,2544
219,34928,4,8732
296,65728,26,2528
407,110150,25,4406
500,11595,3,3865
420,9452,2,4726
327,78100,22,3550
133,104910,30,3497
357,185380,23,8060
215,156002,22,7091
100,58077,27,2151
17,56736,8,7092
422,28440,4,7110
408,178266,22,8103
104,98230,11,8930
499,75440,23,3280
129,4024,2,2012
21,79392,8,9924
77,170677,19,8983
163,270541,29,9329
325,26856,4,6714
444,168317,17,9901
372,75777,29,2613
325,171996,22,7818
276,20192,4,5048
74,78484,28,2803
280,240856,28,8602
139,194096,28,6932
45,198660,22,9030
50,34790,14,2485
394,84348,27,3124
489,134526,21,6406
253,88656,16,5541
480,147168,16,9198
431,43714,11,3974
108,121212,28,4329
179,84455,19,4445
302,217924,28,7783
482,139878,18,7771
366,183964,22,8362
200,231768,29,7992
63,67309,29,2321
356,56982,6,9497
342,197344,28,7048
122,73722,22,3351
227,138438,18,7691
411,65024,16,4064
326,14406,6,2401
484,100878,23,4386
333,38444,14,2746
429,72116,22,3278
299,120930,29,4170
469,55136,16,3446
65,65905,7,9415
182,76627,19,4033
9,9628,2,4814
79,168572,17,9916
454,33435,15,2229
146,201020,23,8740
127,126991,29,4379
366,248225,25,9929
310,35370,10,3537
111,66418,11,6038
219,142857,27,5291
418,77444,19,4076
1,152266,19,8014
257,192618,27,7134
180,188540,22,8570
133,66794,26,2569
459,21220,10,2122
79,114664,22,5212
423,237588,26,9138
22,69008,8,8626
482,118794,26,4569
44,113880,20,5694
414,176124,26,6774
302,212134,26,8159
86,72578,22,3299
133,66391,13,5107
347,111808,16,6988
10,12520,4,3130
353,174450,30,5815
464,22656,6,3776
11,189602,29,6538
194,165178,26,6353
297,47376,12,3948
72,268353,27,9939
442,96109,13,7393
75,9616,2,4808
348,114903,17,6759
483,156258,18,8681
210,66344,8,8293
456,16780,2,8390
224,34488,9,3832
449,187018,26,7193
326,13416,6,2236
453,18616,8,2327
350,81296,16,5081
230,98370,10,9837
168,30696,8,3837
455,249197,29,8593
383,44693,17,2629
415,191070,22,8685
156,119108,22,5414
243,105092,13,8084
298,5080,1,5080
126,18909,9,2101
371,25392,8,3174
181,93794,23,4078
91,90756,12,7563
482,33520,4,8380
488,185820,20,9291
466,53748,18,2986
206,212568,24,8857
342,7950,3,2650
332,19192,2,9596
18,28242,3,9414
271,117747,27,4361
64,78858,26,3033
157,89560,10,8956
116,121823,13,9371
6,41556,12,3463
346,93784,19,4936
460,153494,22,6977
460,74965,11,6815
471,25095,5,5019
265,179622,18,9979
443,52528,16,3283
496,118096,16,7381
162,81015,15,5401
299,60264,9,6696
267,73106,22,3323
31,60300,30,2010
9,39420,12,3285
80,64692,27,2396
481,194741,23,8467
333,55879,17,3287
443,59199,21,2819
348,21736,4,5434
491,111051,27,4113
219,46385,5,9277
130,65400,30,2180
100,94525,19,4975
358,66096,16,4131
138,82980,12,6915
439,137852,26,5302
401,275819,29,9511
292,138346,26,5321
8,13748,4,3437
351,62249,11,5659
122,26660,5,5332
111,28470,10,2847
273,35970,5,7194
272,204305,29,7045
333,41767,11,3797
316,215472,24,8978
166,61537,7,8791
29,76406,22,3473
371,171574,26,6599
83,226838,29,7822
348,270483,29,9327
390,195822,22,8901
330,34686,9,3854
187,232344,28,8298
83,5550,1,5550
486,33768,14,2412
359,25459,7,3637
403,17826,3,5942
269,44298,6,7383
39,44700,20,2235
493,27860,5,5572
386,116835,15,7789
78,14294,7,2042
235,76671,9,8519
276,88533,27,3279
327,36828,18,2046
207,76973,13,5921
328,59724,9,6636
147,76390,10,7639
494,45402,6,7567
480,42630,6,7105
323,34962,6,5827
363,71654,22,3257
477,79634,29,2746
447,29580,6,4930
199,57366,6,9561
463,46410,15,3094
496,40974,6,6829
191,24360,3,8120
490,18322,2,9161
101,81795,15,5453
395,107205,15,7147
485,41639,13,3203
457,47169,9,5241
265,103004,11,9364
489,73991,23,3217
489,86688,14,6192
293,65252,22,2966
323,228896,23,9952
156,280430,29,9670
162,36480,15,2432
277,237916,28,8497
372,26286,6,4381
418,65341,19,3439
18,183309,29,6321
168,208803,21,9943
192,163656,18,9092
475,63792,9,7088
481,89208,14,6372
83,40338,6,6723
25,11448,3,3816
484,108672,12,9056
310,22328,8,2791
257,121758,13,9366
122,8286,3,2762
396,70596,9,7844
213,133050,30,4435
105,89544,13,6888
169,37052,4,9263
174,51354,9,5706
393,73312,29,2528
88,55128,24,2297
442,36864,18,2048
417,77247,27,2861
358,98650,10,9865
24,34205,5,6841
217,7423,1,7423
87,43200,20,2160
360,50160,19,2640
29,59670,26,2295
425,165308,26,6358
191,43477,7,6211
67,35925,15,2395
173,39384,8,4923
94,12946,2,6473
445,29751,3,9917
415,191777,29,6613
369,26079,3,8693
337,90000,25,3600
362,113175,25,4527
500,88594,11,8054
320,64212,12,5351
213,100020,12,8335
124,34688,4,8672
489,64245,15,4283
130,44880,12,3740
475,242703,27,8989
83,86724,27,3212
160,33954,6,5659
118,16740,3,5580
262,253176,28,9042
351,94360,28,3370
241,191340,30,6378
438,48654,17,2862
195,201936,28,7212
226,73843,11,6713
132,19014,2,9507
215,174304,26,6704
452,98700,14,7050
13,214300,25,8572
128,59488,22,2704
174,82592,29,2848
190,146800,20,7340
22,5940,1,5940
71,115065,15,7671
447,44585,5,8917
2,150675,21,7175
260,205114,23,8918
316,75068,14,5362
443,16304,8,2038
421,74984,13,5768
91,37661,13,2897
2,93886,26,3611
79,94008,12,7834
480,37540,4,9385
434,122751,23,5337
298,74560,10,7456
345,169272,24,7053
389,43708,14,3122
14,21844,4,5461
413,42581,11,3871
402,183360,30,6112
18,132250,23,5750
53,15575,5,3115
414,191575,25,7663
442,16328,2,8164
322,64558,13,4966
5,40728,8,5091
347,139068,18,7726
421,69388,19,3652
300,59934,21,2854
497,219375,25,8775
223,28090,10,2809
288,218646,27,8098
336,229680,30,7656
206,76275,15,5085
372,185472,23,8064
27,73080,28,2610
476,18210,5,3642
406,5703,1,5703
141,124400,25,4976
44,75008,16,4688
188,124200,20,6210
207,30360,10,3036
409,15484,4,3871
467,6290,1,6290
52,69076,28,2467
394,134850,30,4495
167,19476,2,9738
162,82096,16,5131
322,79720,8,9965
5,5909,1,5909
383,17010,3,5670
3,152724,26,5874
134,48282,6,8047
222,37410,5,7482
51,105552,18,5864
223,268434,27,9942
43,54960,20,2748
137,188384,29,6496
414,30650,10,3065
233,14502,2,7251
398,93264,16,5829
202,77736,12,6478
462,64344,14,4596
351,239888,29,8272
379,223744,23,9728
101,94438,23,4106
105,61785,15,4119
398,24288,3,8096
7,77116,26,2966
267,63648,24,2652
235,29945,5,5989
169,192350,25,7694
113,96352,16,6022
347,106596,21,5076
268,71152,16,4447
154,133518,22,6069
192,85975,25,3439
279,103512,12,8626
493,4698,2,2349
388,87291,27,3233
266,185300,25,7412
475,71036,14,5074
445,214752,24,8948
233,136380,30,4546
312,77630,10,7763
47,161970,30,5399
316,136296,18,7572
113,32154,6,5359
81,153294,29,5286
461,100880,20,5044
15,41472,16,2592
379,75030,10,7503
209,42495,15,2833
113,239875,25,9595
195,75478,26,2903
29,177451,29,6119
336,61485,15,4099
162,60669,9,6741
486,32790,10,3279
338,72703,23,3161
178,56664,8,7083
285,245781,27,9103
422,25230,3,8410
311,86440,10,8644
302,108792,12,9066
339,186098,22,8459
355,66329,19,3491
356,67648,7,9664
306,117600,25,4704
467,7358,2,3679
14,20696,4,5174
150,115948,14,8282
138,20496,8,2562
375,100260,12,8355
499,111960,12,9330
405,226044,27,8372
70,119457,13,9189
56,5326,1,5326
478,37000,8,4625
240,48420,20,2421
406,90128,16,5633
307,148638,21,7078
393,31244,4,7811
389,214032,24,8918
96,224316,27,8308
490,101556,12,8463
391,45590,10,4559
180,54750,10,5475
458,206307,27,7641
179,166991,17,9823
315,139365,15,9291
185,246510,27,9130
161,119119,13,9163
168,59478,6,9913
87,104884,13,8068
8,20124,6,3354
179,61477,13,4729
395,87864,24,3661
186,5560,2,2780
294,36864,6,6144
380,200912,29,6928
449,60049,11,5459
210,152292,21,7252
175,35168,14,2512
158,27888,7,3984
413,221130,27,8190
97,9928,2,4964
212,52516,19,2764
393,155325,25,6213
482,24416,7,3488
397,78480,9,8720
260,95240,10,9524
307,126425,25,5057
472,240030,27,8890
314,139438,26,5363
500,85904,16,5369
477,126480,15,8432
316,31004,4,7751
51,7449,1,7449
490,25404,12,2117
270,57615,15,3841
456,203754,29,7026
253,80580,10,8058
376,27831,3,9277
38,29107,13,2239
343,30285,15,2019
290,3937,1,3937
404,190601,23,8287
58,131284,23,5708
196,165675,25,6627
351,54744,24,2281
120,89397,27,3311
204,83421,23,3627
255,102649,23,4463
43,130608,16,8163
322,41972,7,5996
360,5891,1,5891
169,231600,24,9650
319,148148,26,5698
285,42980,14,3070
273,200486,26,7711
10,84623,11,7693
312,33396,6,5566
423,124154,23,5398
353,119840,14,8560
326,38962,11,3542
417,42364,14,3026
252,224280,24,9345
212,83984,16,5249
19,292950,30,9765
121,58653,9,6517
396,131225,25,5249
399,101959,11,9269
254,123027,23,5349
35,225193,23,9791
186,19743,3,6581
205,23034,6,3839
437,40984,8,5123
274,69350,25,2774
350,240624,27,8912
41,54090,6,9015
449,66750,10,6675
101,34593,13,2661
8,37687,13,2899
233,12234,3,4078
57,64112,8,8014
179,92075,25,3683
168,91566,18,5087
438,170976,24,7124
351,130410,21,6210
200,5564,2,2782
304,19080,6,3180
130,76475,19,4025
255,38544,4,9636
3,28624,4,7156
179,108262,19,5698
243,18513,9,2057
391,15450,5,3090
171,57324,17,3372
344,29664,4,7416
485,15026,2,7513
267,5634,2,2817
273,125980,20,6299
128,153576,24,6399
10,27710,10,2771
389,125250,30,4175
453,106512,16,6657
97,35476,4,8869
30,13505,5,2701
47,13746,2,6873
65,135234,18,7513
316,75124,14,5366
215,14996,2,7498
472,166325,25,6653
320,9162,2,4581
196,43344,21,2064
282,59352,12,4946
153,83608,28,2986
195,94905,19,4995
195,84285,9,9365
378,41766,6,6961
22,94076,29,3244
130,53064,9,5896
479,286950,30,9565
182,79375,25,3175
13,12748,4,3187
249,167596,26,6446
180,51649,13,3973
80,125996,26,4846
290,121600,16,7600
219,131664,24,5486
401,28032,4,7008
202,57810,10,5781
233,4980,1,4980
490,9332,2,4666
436,60040,8,7505
364,19236,6,3206
25,139932,23,6084
406,166685,17,9805
134,153178,29,5282
479,22689,3,7563
271,121440,24,5060
257,67452,11,6132
481,134028,17,7884
1,39871,13,3067
429,26637,13,2049
325,88800,25,3552
421,113564,29,3916
362,100576,28,3592
43,159628,28,5701
147,36285,15,2419
58,106600,20,5330
479,67959,9,7551
138,170424,27,6312
268,22600,10,2260
77,83375,29,2875
117,7022,2,3511
414,236408,29,8152
224,32706,9,3634
3,104720,22,4760
260,80200,25,3208
495,179640,30,5988
80,183404,26,7054
177,57285,9,6365
269,109538,26,4213
460,150127,17,8831
460,47964,6,7994
234,43690,10,4369
242,85540,14,6110
297,133950,15,8930
237,189892,29,6548
227,46430,10,4643
471,93500,22,4250
111,121425,15,8095
421,273420,28,9765
311,22875,3,7625
456,267948,27,9924
14,53384,8,6673
50,68272,16,4267
133,2536,1,2536
225,4435,1,4435
227,13914,3,4638
359,54555,15,3637
391,11078,2,5539
346,111696,24,4654
163,53394,6,8899
207,82550,13,6350
450,44015,5,8803
384,4674,1,4674
466,49914,9,5546
40,124803,21,5943
145,77364,18,4298
492,168939,27,6257
168,157220,28,5615
445,227205,27,8415
475,17584,4,4396
21,115635,13,8895
199,37060,4,9265
152,51072,8,6384
249,37814,7,5402
238,17905,5,3581
244,22960,8,2870
440,190992,23,8304
306,69498,26,2673
19,74368,28,2656
237,6093,1,6093
145,202449,29,6981
216,15948,4,3987
365,18075,3,6025
102,77670,9,8630
126,257094,27,9522
219,56010,10,5601
455,92708,11,8428
282,89284,26,3434
189,30800,14,2200
360,161238,22,7329
474,87363,9,9707
175,96169,17,5657
154,17226,2,8613
319,50154,13,3858
45,72335,17,4255
133,71216,16,4451
144,31410,9,3490
167,21804,4,5451
304,217338,22,9879
460,48888,14,3492
66,50578,22,2299
14,101035,11,9185
136,109259,17,6427
160,9038,2,4519
231,10638,3,3546
104,15485,5,3097
490,81132,12,6761
236,130896,24,5454
84,23796,6,3966
306,44805,5,8961
92,18774,7,2682
144,119314,13,9178
183,64240,11,5840
188,43758,9,4862
53,84720,10,8472
418,45409,13,3493
386,273267,29,9423
182,53108,17,3124
327,201690,27,7470
314,90272,14,6448
27,65260,20,3263
261,37776,12,3148
350,101783,11,9253
278,59688,6,9948
180,46560,20,2328
210,113762,22,5171
422,84420,20,4221
367,53130,11,4830
495,150942,22,6861
416,24465,3,8155
455,110205,15,7347
470,83072,22,3776
170,33936,7,4848
81,86060,10,8606
46,93020,10,9302
50,5706,1,5706
261,124696,13,9592
114,125013,21,5953
369,182352,24,7598
365,135102,22,6141
395,34328,14,2452
54,100590,30,3353
32,75510,30,2517
4,27760,5,5552
125,8247,1,8247
192,63672,7,9096
132,75647,11,6877
437,44947,7,6421
344,169449,21,8069
187,18216,4,4554
241,65772,27,2436
52,44198,14,3157
463,22450,5,4490
460,75840,15,5056
35,131922,18,7329
53,20365,5,4073
401,56704,8,7088
367,75780,9,8420
269,32988,6,5498
350,25824,6,4304
318,16776,3,5592
179,132748,14,9482
102,59805,15,3987
43,51555,15,3437
268,161062,22,7321
313,105108,12,8759
442,233760,30,7792
217,165660,20,8283
479,125544,24,5231
299,119364,29,4116
24,126828,13,9756
208,119743,13,9211
495,21777,7,3111
126,232362,26,8937
330,9293,1,9293
8,83892,12,6991
340,57499,13,4423
32,148080,16,9255
158,43456,14,3104
201,109782,18,6099
275,162225,25,6489
381,74392,8,9299
345,162639,17,9567
244,49500,10,4950
418,226050,30,7535
203,54000,25,2160
344,239976,27,8888
459,102674,22,4667
243,42144,12,3512
108,78183,17,4599
487,67694,11,6154
440,2908,1,2908
299,140756,22,6398
293,75584,8,9448
61,5240,1,5240
489,98260,10,9826
200,42351,19,2229
102,102718,22,4669
267,8052,4,2013
81,179452,28,6409
165,10953,3,3651
173,155980,22,7090
305,16534,7,2362
319,64554,29,2226
142,157360,16,9835
168,46730,5,9346
19,19578,3,6526
21,43790,5,8758
14,179982,22,8181
284,98892,12,8241
120,134992,22,6136
155,192694,23,8378
129,134582,14,9613
383,40703,13,3131
480,38224,16,2389
120,123984,27,4592
285,219714,22,9987
389,179650,25,7186
415,55860,21,2660
6,61425,7,8775
261,28126,14,2009
69,163812,17,9636
118,13362,6,2227
418,117275,25,4691
292,8994,1,8994
278,163104,24,6796
256,59166,6,9861
10,61809,11,5619
264,26097,3,8699
357,34200,6,5700
49,165330,22,7515
155,22820,7,3260
408,218304,24,9096
95,92452,29,3188
435,251775,27,9325
405,156996,28,5607
326,53358,6,8893
336,68310,23,2970
190,16869,3,5623
329,73640,28,2630
99,80002,17,4706
400,252184,29,8696
226,58350,10,5835
282,144386,22,6563
305,53846,13,4142
210,69060,10,6906
200,69202,14,4943
403,203320,23,8840
363,124152,14,8868
186,29688,12,2474
357,39820,4,9955
447,93140,20,4657
408,23841,9,2649
226,56392,19,2968
136,113764,17,6692
191,40215,15,2681
323,220680,30,7356
167,24312,3,8104
202,29056,8,3632
227,39480,6,6580
314,57464,8,7183
227,60880,8,7610
19,61224,8,7653
350,71325,9,7925
128,18574,2,9287
489,35334,13,2718
499,120160,20,6008
428,55950,6,9325
136,112672,28,4024
141,229080,23,9960
481,150120,20,7506
396,128520,15,8568
241,10704,4,2676
53,183338,29,6322
465,28143,3,9381
4,23856,4,5964
345,45546,6,7591
444,127680,16,7980
341,119408,16,7463
251,42952,13,3304
242,155440,20,7772
139,82917,9,9213
402,159354,18,8853
432,143040,24,5960
6,23868,9,2652
483,159520,16,9970
123,240100,28,8575
427,126385,23,5495
354,22191,3,7397
112,36168,4,9042
196,26116,4,6529
372,63975,15,4265
233,55539,11,5049
314,41160,15,2744
363,34452,12,2871
486,218192,26,8392
437,78590,10,7859
443,240370,26,9245
18,56448,6,9408
347,205574,23,8938
492,155463,21,7403
217,147315,23,6405
270,188680,20,9434
171,66062,29,2278
53,9630,2,4815
426,100168,19,5272
259,112812,28,4029
305,278197,29,9593
76,98676,18,5482
67,91498,11,8318
340,76414,26,2939
419,74701,11,6791
127,90804,14,6486
122,99792,11,9072
342,104456,22,4748
96,72267,17,4251
447,163000,20,8150
85,31905,15,2127
279,228400,25,9136
56,225758,26,8683
16,68824,28,2458
125,136725,15,9115
197,88075,13,6775
302,74685,13,5745
164,104916,14,7494
350,277878,29,9582
429,5051,1,5051
14,160755,21,7655
362,21306,3,7102
326,268299,27,9937
413,11514,3,3838
128,146583,27,5429
162,165564,18,9198
494,6704,1,6704
259,236553,29,8157
449,179586,22,8163
234,112192,16,7012
6,101542,14,7253
249,68760,10,6876
339,16920,6,2820
278,129294,18,7183
301,13416,6,2236
81,242814,26,9339
172,8106,1,8106
247,62375,25,2495
364,109389,21,5209
124,128550,30,4285
7,203634,27,7542
374,128016,18,7112
437,89390,10,8939
420,66310,19,3490
55,14946,6,2491
162,182952,24,7623
114,54000,16,3375
241,7894,1,7894
29,261030,30,8701
10,22860,9,2540
153,88750,25,3550
240,94599,23,4113
384,180612,29,6228
274,69590,10,6959
308,118404,26,4554
212,91025,25,3641
56,80762,11,7342
214,198060,30,6602
113,33990,11,3090
42,62316,9,6924
86,101790,18,5655
15,138997,29,4793
365,57232,28,2044
44,30915,9,3435
444,117135,15,7809
496,231764,26,8914
171,159580,20,7979
204,137950,25,5518
374,133236,18,7402
223,89930,17,5290
37,28270,10,2827
348,54056,8,6757
65,117026,26,4501
386,172040,22,7820
190,130032,14,9288
309,36704,4,9176
250,17229,3,5743
139,59780,7,8540
324,96360,11,8760
177,222288,24,9262
461,25800,6,4300
345,132776,14,9484
340,94620,30,3154
103,107751,21,5131
76,118804,14,8486
474,212234,22,9647
313,58408,8,7301
465,18190,5,3638
335,73824,16,4614
157,16581,3,5527
272,188670,30,6289
293,15412,4,3853
100,67732,14,4838
470,26155,5,5231
119,46046,13,3542
457,42440,8,5305
314,71442,14,5103
317,6546,3,2182
321,179322,26,6897
102,104995,11,9545
213,194370,30,6479
359,168540,30,5618
234,139825,25,5593
279,58776,24,2449
258,64480,10,6448
131,82475,25,3299
32,48887,19,2573
399,18360,8,2295
426,105476,28,3767
354,27860,10,2786
75,64116,9,7124
272,114796,22,5218
275,171511,23,7457
433,59668,14,4262
227,46760,7,6680
125,95220,10,9522
321,113611,17,6683
403,83888,28,2996
140,108625,11,9875
400,54160,20,2708
464,168572,17,9916
214,9468,2,4734
90,60324,12,5027
126,221144,28,7898
74,22105,5,4421
365,39054,6,6509
399,80010,18,4445
68,85200,30,2840
211,61592,8,7699
154,203343,23,8841
459,105768,13,8136
371,55635,15,3709
51,179200,25,7168
53,59766,6,9961
435,15428,7,2204
311,115800,24,4825
335,77925,15,5195
323,128580,20,6429
188,140730,15,9382
258,99740,10,9974
16,46098,6,7683
329,66385,17,3905
241,92928,24,3872
435,23592,6,3932
18,229296,24,9554
313,174458,19,9182
196,78375,15,5225
125,105432,23,4584
356,138282,19,7278
363,46760,8,5845
98,9377,1,9377
124,194375,25,7775
184,51792,12,4316
440,206668,22,9394
378,172508,28,6161
68,107838,18,5991
39,65898,21,3138
270,195860,20,9793
83,76142,22,3461
49,101760,20,5088
412,41148,18,2286
377,271096,28,9682
477,113673,21,5413
414,25380,3,8460
417,204226,22,9283
36,39767,19,2093
405,6401,1,6401
187,73611,9,8179
271,60552,24,2523
43,18120,8,2265
413,227612,28,8129
257,10445,5,2089
434,209384,28,7478
11,80275,25,3211
45,81558,23,3546
125,10470,2,5235
75,37998,6,6333
344,12464,2,6232
37,168408,24,7017
397,117792,16,7362
267,107220,30,3574
416,26415,3,8805
335,197372,28,7049
257,74970,21,3570
298,108284,11,9844
376,111750,25,4470
175,29845,5,5969
369,57048,8,7131
244,227610,30,7587
64,47396,17,2788
263,42830,10,4283
60,75675,25,3027
157,48977,17,2881
186,91561,19,4819
181,102660,20,5133
48,51002,7,7286
308,69344,16,4334
401,108848,16,6803
54,23576,7,3368
144,112605,15,7507
173,128856,24,5369
493,5271,1,5271
194,90189,11,8199
329,118412,14,8458
404,78909,29,2721
285,50715,21,2415
279,144960,24,6040
399,166478,26,6403
462,126673,19,6667
120,29648,4,7412
404,249480,27,9240
296,30914,13,2378
11,10688,2,5344
215,34350,10,3435
355,198858,22,9039
261,75842,26,2917
57,218247,23,9489
475,51073,11,4643
61,75400,8,9425
350,16565,5,3313
108,3518,1,3518
107,172062,22,7821
217,50424,22,2292
229,93483,17,5499
286,112959,21,5379
409,17814,2,8907
413,92344,14,6596
414,38150,5,7630
242,54032,22,2456
271,14178,3,4726
421,270628,29,9332
1,96670,14,6905
156,167544,24,6981
9,29172,6,4862
62,142428,26,5478
457,53472,6,8912
41,54800,16,3425
74,75765,15,5051
297,94490,11,8590
231,27750,10,2775
151,8652,1,8652
188,120330,15,8022
288,49446,18,2747
306,62640,15,4176
356,56916,18,3162
179,242250,30,8075
1,71955,13,5535
198,218850,25,8754
434,10372,4,2593
280,133480,20,6674
243,78678,9,8742
71,27404,13,2108
227,33605,13,2585
155,23232,11,2112
1,33336,4,8334
213,125048,22,5684
344,68592,24,2858
210,16820,2,8410
305,2698,1,2698
126,146421,29,5049
70,178770,30,5959
40,9219,3,3073
76,137436,26,5286
412,79686,18,4427
420,208713,29,7197
495,48860,14,3490
419,6278,2,3139
22,40280,8,5035
139,17010,2,8505
488,249420,30,8314
462,15474,6,2579
316,2976,1,2976
244,16800,6,2800
16,204834,21,9754
54,196056,28,7002
189,78180,10,7818
274,131364,18,7298
254,51024,16,3189
243,94471,13,7267
496,254514,26,9789
480,52602,22,2391
277,45732,6,7622
190,264573,27,9799
334,17984,8,2248
309,39448,8,4931
481,70722,18,3929
485,89509,19,4711
12,62952,8,7869
307,146412,28,5229
263,100560,20,5028
296,130620,14,9330
242,4195,1,4195
482,68620,10,6862
392,170038,22,7729
61,14649,3,4883
496,199464,24,8311
323,72641,17,4273
205,49374,18,2743
152,12942,2,6471
90,5520,1,5520
248,36840,12,3070
200,55825,25,2233
330,24872,8,3109
154,6114,1,6114
164,40800,17,2400
403,244673,29,8437
485,32970,5,6594
74,126090,18,7005
317,188520,30,6284
378,133760,16,8360
439,86735,11,7885
12,253373,29,8737
381,44286,11,4026
263,208194,21,9914
124,9342,2,4671
174,57114,6,9519
481,71470,14,5105
8,21952,4,5488
252,81642,11,7422
383,72877,29,2513
101,10618,2,5309
227,90390,30,3013
8,33496,4,8374
248,140530,23,6110
198,30810,10,3081
479,70290,15,4686
147,133722,18,7429
135,110376,27,4088
34,71478,18,3971
419,110232,12,9186
193,88845,15,5923
450,187392,24,7808
152,9472,1,9472
414,163800,20,8190
137,47608,8,5951
315,179239,23,7793
138,94061,17,5533
159,7948,1,7948
321,5996,1,5996
325,130350,30,4345
353,72540,10,7254
31,55176,19,2904
89,46592,16,2912
300,190658,26,7333
149,157080,20,7854
484,82467,21,3927
120,6236,1,6236
140,40230,10,4023
410,166373,29,5737
117,49810,5,9962
439,250016,26,9616
117,173072,29,5968
72,54576,9,6064
170,77610,10,7761
128,104868,12,8739
399,212575,25,8503
262,120820,14,8630
140,51095,11,4645
36,35844,6,5974
359,81016,13,6232
41,80212,22,3646
234,176295,21,8395
164,38444,4,9611
373,81140,20,4057
154,146928,24,6122
260,88200,25,3528
380,30456,12,2538
45,196074,27,7262
354,66660,22,3030
73,125875,19,6625
285,80150,14,5725
254,51948,12,4329
235,124852,13,9604
233,24150,10,2415
392,65220,10,6522
142,82558,14,5897
125,36072,18,2004
228,60624,8,7578
460,221306,23,9622
400,61785,9,6865
359,209525,29,7225
235,60280,22,2740
418,202607,23,8809
128,41706,6,6951
494,51633,9,5737
87,167508,27,6204
68,79569,27,2947
210,149328,18,8296
11,14220,5,2844
302,5366,1,5366
418,51360,10,5136
35,93175,25,3727
126,34853,7,4979
262,23336,4,5834
311,7114,2,3557
286,12368,4,3092
314,29176,14,2084
329,128616,23,5592
113,29139,3,9713
87,177050,25,7082
333,149070,30,4969
142,19958,2,9979
202,274710,30,9157
268,119574,14,8541
263,206276,28,7367
407,66456,24,2769
92,14517,3,4839
146,50630,10,5063
434,2550,1,2550
66,182390,26,7015
365,103329,27,3827
29,115614,18,6423
332,273060,30,9102
59,14294,7,2042
255,48400,8,6050
382,141092,28,5039
83,76362,11,6942
425,44135,5,8827
449,110682,26,4257
50,181140,30,6038
136,212208,24,8842
44,66432,24,2768
477,131346,18,7297
203,171650,25,6866
295,136136,14,9724
283,17684,2,8842
446,176374,22,8017
238,93225,11,8475
489,14175,7,2025
463,106260,12,8855
363,52943,11,4813
263,59081,11,5371
117,59254,13,4558
379,34480,5,6896
345,128480,22,5840
49,53966,22,2453
231,17336,4,4334
5,55107,27,2041
103,189051,29,6519
319,120722,14,8623
410,71540,20,3577
56,220948,26,8498
364,35378,7,5054
224,64441,13,4957
307,223552,28,7984
327,7410,1,7410
409,139859,19,7361
347,55836,18,3102
440,113886,19,5994
420,98040,10,9804
1,56108,13,4316
445,92690,23,4030
180,7799,1,7799
394,121770,18,6765
381,16010,5,3202
199,79664,16,4979
324,69420,26,2670
452,108192,16,6762
13,101907,13,7839
416,18798,3,6266
222,248616,27,9208
474,53625,11,4875
58,13647,3,4549
235,60690,15,4046
483,155386,22,7063
308,206640,21,9840
358,51850,10,5185
108,18064,8,2258
491,134957,19,7103
227,248118,26,9543
79,139375,25,5575
315,18466,7,2638
481,206778,22,9399
205,110805,15,7387
448,63528,12,5294
228,24885,9,2765
434,230216,28,8222
198,8007,3,2669
261,11042,2,5521
207,147105,21,7005
390,13996,2,6998
157,76560,29,2640
292,3232,1,3232
13,36576,16,2286
397,15692,2,7846
172,14343,3,4781
15,69447,7,9921
422,58526,26,2251
393,110922,21,5282
390,193225,25,7729
68,49120,16,3070
221,198990,30,6633
361,85533,21,4073
317,280000,28,10000
136,5388,2,2694
375,90440,28,3230
387,31812,11,2892
83,86016,12,7168
47,3584,1,3584
455,29535,3,9845
463,73404,9,8156
91,177948,18,9886
183,62097,7,8871
211,11888,4,2972
362,101275,25,4051
268,38822,7,5546
7,29450,5,5890
93,228868,29,7892
330,82973,19,4367
16,101850,30,3395
309,61656,28,2202
355,60543,21,2883
291,149511,19,7869
132,76758,11,6978
341,19245,5,3849
89,28887,3,9629
204,137080,20,6854
284,56184,8,7023
122,36784,11,3344
463,165938,29,5722
357,70700,10,7070
418,222318,27,8234
328,2112,1,2112
190,38032,8,4754
408,127960,20,6398
391,71864,26,2764
159,62384,8,7798
395,124580,20,6229
328,77160,8,9645
219,21150,10,2115
108,72832,16,4552
331,39404,4,9851
116,78460,20,3923
373,45847,19,2413
96,60109,7,8587
253,70110,30,2337
202,55236,12,4603
352,47476,22,2158
409,49818,6,8303
496,56540,10,5654
36,135500,20,6775
261,67886,7,9698
395,9666,3,3222
401,111436,26,4286
167,9268,4,2317
266,18110,2,9055
152,130188,19,6852
247,104517,27,3871
96,110964,28,3963
228,74556,18,4142
186,17590,5,3518
486,35354,11,3214
415,48972,12,4081
254,102778,26,3953
406,77031,9,8559
177,213620,22,9710
255,177192,24,7383
40,111982,13,8614
337,38143,7,5449
499,113718,22,5169
274,35340,5,7068
397,262224,27,9712
407,126787,19,6673
292,13088,2,6544
131,130880,16,8180
258,16768,4,4192
25,264852,28,9459
491,214650,27,7950
229,37611,9,4179
289,81300,20,4065
238,160524,26,6174
432,104338,26,4013
4,83024,16,5189
113,74840,20,3742
25,87934,22,3997
132,61650,9,6850
472,65312,8,8164
82,27030,10,2703
375,140220,19,7380
104,140252,28,5009
52,51876,9,5764
102,45914,22,2087
343,64422,9,7158
477,257910,30,8597
131,126450,15,8430
260,69856,8,8732
480,72710,22,3305
85,148190,29,5110
204,9492,4,2373
334,53730,9,5970
133,142709,19,7511
407,22252,4,5563
324,5328,2,2664
295,36708,4,9177
351,215027,23,9349
399,19540,2,9770
452,35430,15,2362
44,46216,8,5777
349,163676,17,9628
100,175266,18,9737
96,35409,11,3219
212,154641,19,8139
366,164724,28,5883
143,138848,16,8678
321,137309,17,8077
21,54780,10,5478
110,130844,14,9346
372,25100,5,5020
464,140602,22,6391
247,8656,1,8656
287,78000,8,9750
9,38108,14,2722
87,28475,5,5695
388,70278,13,5406
290,197550,30,6585
128,9705,1,9705
39,123090,22,5595
320,32656,8,4082
124,77650,10,7765
156,211872,24,8828
390,94032,24,3918
499,198099,29,6831
455,110817,21,5277
368,73232,23,3184
189,136340,20,6817
81,21228,4,5307
444,55233,9,6137
262,7873,1,7873
409,48180,6,8030
107,80790,30,2693
171,218125,25,8725
73,55446,6,9241
429,99650,25,3986
367,115414,23,5018
232,254610,30,8487
213,102435,15,6829
207,20600,4,5150
456,28226,11,2566
253,224457,23,9759
51,123726,17,7278
124,39020,5,7804
356,125001,17,7353
119,85054,23,3698
445,174616,23,7592
91,241542,27,8946
121,69456,16,4341
90,27520,4,6880
117,62986,11,5726
486,11919,3,3973
172,29939,13,2303
159,165186,27,6118
240,56268,6,9378
170,217120,23,9440
167,210952,28,7534
139,120198,23,5226
220,154980,18,8610
397,66649,11,6059
470,51624,9,5736
469,189960,24,7915
29,222203,23,9661
407,99126,18,5507
299,15716,2,7858
446,67284,18,3738
402,28048,8,3506
243,104652,17,6156
160,9672,4,2418
100,47184,8,5898
313,66582,18,3699
344,29960,7,4280
114,34920,12,2910
54,211926,22,9633
261,58446,18,3247
94,47260,17,2780
372,14360,5,2872
