salesperson_id,month,target_amount,achieved_amount
11,Apr,383138,542256
25,Jan,644215,729532
1,Feb,482317,218273
9,Aug,539618,150069
29,May,558225,222953
10,Nov,242802,703093
20,Jul,229235,613848
30,Nov,619018,525890
16,Jun,367328,384620
20,Jan,614160,332398
30,Jan,441597,688231
21,Apr,527145,339729
8,Jul,243189,511761
2,Jul,395625,619607
5,Jun,340190,583451
16,Apr,337697,333239
16,Jun,216043,347031
12,Apr,621754,256907
17,Sep,280084,703302
4,Feb,236750,619155
6,Apr,318083,608906
5,May,225567,179643
29,Oct,329977,250431
3,Feb,340973,741109
18,Mar,590228,568453
11,Jun,643225,614007
12,Feb,672472,404337
15,May,444211,399017
29,Jan,638355,620274
9,Feb,554913,165025
22,Sep,320797,552878
14,Jun,361198,642155
30,Aug,595161,604516
9,May,468471,744784
24,Jul,698242,373385
10,Jul,561240,362732
11,May,249519,630222
14,Aug,392501,707716
2,May,535897,522605
16,Mar,377419,370617
10,Jul,502710,719253
10,Oct,402771,297631
12,Jun,339393,229717
27,Dec,522274,196256
11,Jul,559127,674275
15,Jul,302047,426901
26,Apr,630008,556882
29,Dec,440812,497859
5,May,267634,352370
5,Aug,519621,314862
27,Oct,666228,364808
14,May,563609,466256
21,Dec,241131,674398
7,Aug,233155,548614
24,Aug,444381,472446
17,Mar,208143,335630
15,Dec,282756,625855
4,Apr,411261,570207
5,Oct,211836,248418
12,May,661080,487927
20,Dec,608340,681403
27,Dec,509248,216059
7,Oct,675918,543856
5,Oct,681297,421844
2,Feb,491783,309224
10,Mar,551666,546008
19,Jul,572367,336824
26,Apr,284979,529903
8,Nov,327177,412186
29,Jun,505378,701952
19,Mar,686707,319788
22,May,662300,627384
26,Dec,356136,644225
26,Aug,416865,436133
17,Aug,311059,237939
12,May,474413,564552
12,Sep,276957,734439
5,Jan,634230,424020
12,Aug,256839,494284
19,Apr,560139,434028
10,Apr,266440,303773
19,Aug,363064,273831
2,Oct,512135,637613
16,Aug,628670,403445
1,Feb,609124,294557
28,Dec,571556,344628
25,Apr,661089,207518
4,Dec,443795,254151
28,Jul,264043,251912
29,Mar,658594,457591
7,Nov,384523,577465
1,Nov,438632,364324
27,Mar,535872,578690
3,Apr,415737,225180
26,May,540449,422514
16,Feb,321908,223864
12,Feb,310340,176226
27,Mar,314026,657171
3,Jun,550972,292372
18,Oct,302719,534380
17,Oct,688144,566862
25,Sep,220002,494735
6,May,340303,201403
13,Jan,635317,574029
19,Nov,219691,220946
25,Oct,605037,482545
7,Mar,297796,728952
10,Feb,415160,590185
25,Aug,326793,556510
9,Aug,634554,355463
11,Jan,361388,253588
10,Apr,577646,349947
5,Jan,572846,301166
17,Dec,371203,716320
13,Apr,255108,213403
16,Aug,476110,694552
20,Sep,684135,617170
25,Mar,228041,227523
17,Nov,403123,598364
26,Oct,636657,233488
25,Feb,519980,745222
3,May,313837,545517
5,Mar,631999,190422
11,Nov,568497,235648
12,Jul,626494,561922
27,Jan,629796,429045
24,Sep,227090,229682
14,Jul,367254,728247
15,Oct,286510,629556
22,Oct,388736,355261
28,Sep,292543,699834
7,Jan,313243,578911
30,Aug,408683,327744
16,Nov,528496,422403
21,Mar,664126,726940
1,Feb,686045,296843
5,Sep,453342,514159
13,Jul,372841,233050
17,May,646465,599801
29,Feb,599363,638099
16,Sep,374627,639488
6,Aug,514068,474795
27,Jul,534354,224509
1,Jun,510793,728365
21,Nov,431505,223833
20,Nov,477115,508256
21,Jul,683884,396256
1,Nov,255316,160101
23,Sep,563510,347380
25,Sep,625618,647578
22,Apr,269915,409073
20,Nov,611403,250818
11,Sep,643137,430857
7,Jan,212541,480705
22,Apr,241859,704883
28,Feb,403040,426611
5,Feb,283608,165729
2,May,266047,204717
14,Jun,558989,621964
30,Sep,203204,232356
17,Jan,220073,255840
18,Aug,629189,642412
21,Jan,458767,379068
16,Aug,678191,268415
19,Jan,346441,422960
12,Dec,435708,156883
6,Sep,576971,150040
8,Mar,540432,718108
3,Apr,699308,344143
25,May,486673,423664
5,Sep,463390,354060
28,Feb,237011,503442
23,Feb,669747,454459
19,Aug,469275,633835
18,Jan,401127,641099
24,Aug,443919,583656
1,May,611933,288870
26,Jan,524750,696873
1,Nov,340015,509032
24,Nov,299214,620409
27,Jan,667722,272366
2,Jan,307282,675091
11,May,580870,331774
11,Jun,537886,307121
16,Jul,680587,665637
27,Jul,486531,708126
24,Oct,564380,589972
3,Sep,318215,353186
26,Apr,293154,170515
24,May,339240,170377
5,Dec,335528,726284
15,Mar,423278,300261
19,Feb,659660,586728
28,Apr,561155,670387
7,May,612034,314615
5,Feb,349364,330066
9,May,362275,595507
1,Sep,479379,439292
5,Feb,354539,289295
25,Mar,328043,708770
11,Feb,270147,400501
20,Jan,476105,365274
16,Jul,351560,644664
20,Sep,492813,512992
13,May,298939,600776
17,Jun,372148,227794
16,Aug,568894,746964
10,Oct,457682,611088
18,Mar,506156,558700
23,Jul,412476,168037
21,Mar,464834,611187
12,Oct,364130,370585
23,Nov,495755,368623
9,Nov,430806,225863
22,May,485123,243704
17,Jun,612867,632243
23,Apr,501478,671577
10,Mar,516105,736850
16,Dec,239854,176320
7,Aug,315687,606594
7,Nov,441438,396681
8,May,335076,605334
18,Oct,363987,607745
1,Nov,202536,631306
6,Aug,290040,476972
20,Mar,320468,601119
13,Mar,542113,710855
13,May,658320,626760
14,Aug,686401,600018
6,May,433203,686464
12,Feb,215130,340349
20,Sep,669157,283053
20,Jan,352232,699807
23,Jul,428934,257863
11,Jun,685316,392995
15,Jan,425432,505950
28,Jun,564269,308848
30,Sep,693839,187163
8,Apr,687043,294582
28,Nov,235114,485108
9,Sep,628708,488323
22,Jul,661767,246454
2,Jul,243834,446349
3,Feb,359222,522998
23,Jan,390592,165961
20,Apr,207111,656122
23,Apr,343613,436625
4,Jun,541860,237814
4,Feb,462029,174114
5,Mar,415497,686652
20,Sep,303731,492412
16,Aug,355342,311715
12,Feb,377553,629222
5,Aug,395174,232606
26,Jan,220610,193658
17,May,469694,244768
12,Mar,290614,324873
30,Aug,398860,249271
30,Jun,480545,683772
13,Nov,398340,638192
29,May,455050,255465
11,Feb,464905,172875
4,Jun,575464,605031
25,Jan,622748,567724
12,May,431775,720453
17,Nov,548463,617368
29,Feb,417426,180169
4,Apr,625641,470423
30,Dec,538746,735362
25,Jan,207904,461956
10,Dec,220223,457711
15,Sep,280349,509920
15,Jul,411256,297325
14,Nov,251749,555026
28,Sep,305057,501468
19,Jul,259791,271178
21,Jan,511161,418191
1,Feb,677996,418627
11,Jul,279619,402296
3,Nov,233951,462047
3,Mar,398691,292805
1,Feb,679223,646464
9,Sep,493188,490067
8,Aug,350490,421359
22,Jul,389091,612707
6,Apr,243690,692304
11,Jan,663690,433645
1,Mar,612384,252789
13,Jun,253597,722938
1,Nov,380332,183283
6,Mar,564293,505333
23,Nov,208590,663534
18,Oct,269063,379345
25,Aug,510459,150076
24,Sep,607839,289019
23,Jul,494180,294384
3,Sep,505322,448029
24,Jul,596549,648521
11,Sep,202390,204739
5,Jul,386330,651430
1,Nov,687573,540056
25,Jan,311180,452785
3,Nov,434324,637686
22,May,210024,641961
5,Sep,408092,540638
2,Jan,507101,583139
29,Sep,391762,185027
11,Jul,569083,452532
22,Sep,601808,678216
30,Nov,210464,332105
17,Sep,416596,705698
7,Jun,697030,334905
29,Feb,646526,638097
4,Aug,608944,193792
3,Aug,591308,297565
2,Oct,347715,748811
27,Nov,538390,423018
24,Jan,206918,621587
8,Jul,460139,628285
23,Apr,507592,347869
1,Oct,505054,457228
12,Sep,297161,298559
7,Oct,466933,396927
29,Sep,449030,703842
30,Jan,682110,212160
25,Oct,462754,589365
14,Jun,416272,747742
28,Jun,630115,448857
23,Feb,425143,671447
14,Aug,448652,688426
27,Apr,328667,287526
29,Jul,360913,635127
24,Apr,581917,677673
17,Feb,339484,726563
29,Sep,213805,663393
13,Nov,390068,507580
30,May,544871,680132
24,Jun,272524,718372
24,May,575848,316714
3,Sep,543705,731380
1,May,660841,540725
14,Feb,356067,465667
2,Mar,578399,736782
7,Dec,524022,205186
2,Nov,531915,194188
29,Jun,302501,382268
28,Sep,516751,652071
10,Aug,367103,522843
9,May,249988,435584
15,May,314927,297144
19,Nov,670805,236606
4,Jul,472247,387689
2,May,310651,274341
28,Nov,508491,445684
14,Sep,616013,461640
2,Oct,670293,199542
26,Jan,238789,419956
28,Jan,277764,567618
5,Apr,512321,445200
14,Apr,426473,282477
9,May,283658,655990
8,Sep,641571,595222
16,Aug,501194,500140
15,Sep,260352,225801
15,Apr,603225,462123
28,Oct,578424,367398
28,Apr,331446,344061
17,Feb,340753,594024
11,Aug,338651,304277
19,Jul,580586,477810
6,Mar,431218,231883
22,Mar,497170,439209
22,Jun,664296,170689
18,Aug,569652,418877
11,Jan,399068,338519
6,Jul,533234,350932
23,Nov,692680,160158
7,Sep,319782,583452
28,Jun,614815,593872
30,Feb,459403,431874
27,Feb,270914,265382
28,Mar,305566,594878
12,Jun,461942,154995
17,May,359487,360091
24,Apr,609490,430409
26,Apr,495566,299504
8,Jul,684413,538528
5,May,415612,441951
2,Jan,403008,588688
20,Mar,217655,570311
13,Jul,250353,511183
10,Jun,291086,471732
14,Apr,671624,700647
8,Dec,401189,697874
28,Aug,398751,278475
12,May,463854,316478
19,Oct,420889,434707
22,Feb,547222,153612
29,Jul,511228,494547
10,May,446087,156732
14,Apr,382845,380409
8,Jun,390382,532441
21,Aug,640833,727801
1,Aug,656620,488793
9,Feb,523007,190913
22,Jul,358242,627634
9,Jul,223273,360796
25,Feb,294395,186770
4,Dec,265683,541110
16,Aug,201438,500624
18,Dec,450106,719278
10,Jun,522626,568310
4,Feb,401187,594381
12,Oct,507662,732856
10,Oct,593359,261484
9,Jul,229612,167639
19,Feb,270646,550426
20,Jan,476843,389564
25,Nov,589182,471091
26,Oct,583398,614510
30,Mar,412830,206750
25,Jun,504410,420581
8,May,355917,731330
17,Feb,308956,385548
1,Nov,494168,518586
15,Dec,233073,348265
9,Dec,268809,391569
7,May,602973,299606
30,May,570755,402744
8,Apr,272698,602477
27,Jun,324204,697532
13,Jan,547483,198601
6,Nov,597065,478045
3,May,593073,194463
22,May,388172,519488
12,Mar,671180,454851
22,Oct,564039,245280
7,Jun,357422,612526
14,Sep,415503,471050
24,Dec,682335,300780
13,Jul,323193,726507
6,Aug,433805,654344
29,Nov,370241,607364
16,Sep,557527,356233
3,Nov,662166,502922
3,Dec,336581,602231
14,Jul,664106,365879
24,Nov,597327,209510
4,Mar,635986,638996
29,Sep,302004,557778
9,Jul,623036,339212
22,Sep,266766,623599
10,Feb,432017,161451
1,Mar,587721,330050
14,Sep,268393,715339
26,May,515706,172814
5,Apr,352347,470488
8,Nov,523785,692027
24,Jun,463913,372728
11,Apr,640217,512858
23,Mar,285127,555921
4,Dec,337638,409498
25,Feb,390872,659868
4,Oct,471327,540279
19,Oct,480296,712563
7,Feb,588487,287812
11,May,436919,163408
5,Jan,221683,739986
27,Mar,628498,204388
6,Feb,406459,386860
7,Apr,627916,344920
2,Feb,221036,305218
8,Apr,511179,729043
1,Mar,313661,153455
17,Aug,618630,409967
3,Jan,253852,688461
11,May,274102,713230
11,Jun,330911,287213
26,May,615065,731698
3,Jan,612391,569889
19,Dec,311867,357994
13,Sep,476231,450892
10,Jun,337199,409825
15,May,360627,555874
4,Jan,586923,348251
2,Feb,599085,612135
27,Dec,351149,681536
19,Mar,295510,302675
30,May,530846,740234
19,Jul,373644,304937
20,Nov,274403,692742
16,Mar,266517,458758
26,Dec,499862,522966
14,Dec,404013,363703
15,Mar,437015,319336
4,Jul,532145,327657
19,Oct,449225,158848
28,Mar,207600,651997
19,May,445648,377794
21,Oct,463817,703242
16,Dec,449195,402397
24,Feb,439820,236198
27,Jul,625484,302721
25,Nov,471249,736469
5,Jun,482661,484912
5,Jan,476236,618790
29,Aug,349572,179003
14,Jan,236898,363192
17,Jul,633120,226210
23,Oct,473233,702074
5,Dec,329468,169292
7,Sep,220572,228145
25,Jul,206393,451331
26,Aug,208198,279366
19,Apr,650866,179937
18,Nov,337906,322510
22,Jun,264618,461547
23,Jun,248000,469899
17,Feb,557774,428793
13,Dec,221160,398159
13,Feb,317835,683764
6,Jul,232369,259939
17,May,646530,491067
12,Mar,327264,664757
17,Jul,315687,484900
16,Jul,286833,691332
11,Oct,379169,552456
29,Dec,532133,719900
27,Dec,672638,574024
30,Aug,433539,275670
21,Nov,679944,675452
17,Oct,457032,443395
14,Apr,484762,506293
29,Nov,479701,736875
2,May,623758,605320
1,Aug,639369,602535
17,Oct,566041,693414
28,Oct,588369,513166
22,Sep,365926,237192
11,Mar,585651,718424
11,Aug,339476,466148
25,Sep,418068,435997
18,Apr,230670,505613
25,Oct,292774,407950
19,Jan,645232,187157
2,Jun,417108,164779
25,Oct,696757,183037
11,Nov,489937,422091
4,Mar,472464,405523
1,Mar,500765,435495
28,Sep,353589,298527
19,Jul,386621,582911
11,Jul,338738,664635
15,Sep,290274,742427
13,Nov,293272,684390
21,Apr,439264,215303
4,May,246074,508476
22,Mar,673913,723174
24,Oct,420944,725983
12,Dec,263224,264365
26,Sep,609646,335144
24,Oct,660799,658242
19,Nov,237958,205043
28,Dec,645135,332177
29,Jun,660610,290851
15,Nov,409686,392657
14,Feb,567775,606301
27,Oct,592353,503549
15,Sep,551547,597917
21,Jan,355375,478936
23,Apr,653277,688134
26,Oct,217307,557424
23,Jul,475602,291720
19,Apr,441109,446900
11,Nov,407706,167430
17,Aug,264266,448546
16,Sep,259199,734144
26,Dec,217054,490361
19,Jul,510295,484566
26,Dec,285513,501566
8,Mar,393274,205949
19,May,693283,227261
17,Sep,597187,341844
14,Dec,229771,253486
1,Jan,518447,682493
18,Jul,238180,707457
15,Nov,511043,298139
28,Mar,242712,235012
1,Mar,378693,401290
5,Aug,279933,232562
30,Jul,476772,278700
2,Jan,437265,540988
26,May,564129,367096
1,Oct,242597,475376
26,Jun,258711,227590
22,Aug,361783,429482
4,Feb,390975,395430
20,Oct,388979,440144
22,Aug,478243,498512
7,Apr,218519,395038
16,Apr,604218,183963
15,Mar,570910,215533
9,May,585336,402636
4,Jun,419470,448034
15,Apr,668712,671739
8,Sep,425022,162244
3,Sep,650278,221196
24,May,623540,675602
11,May,642264,473032
11,Feb,328209,599493
29,Apr,446133,596774
18,Feb,631778,274504
7,Jan,624689,638761
24,Mar,213285,714419
11,Nov,213391,414113
20,May,240342,240686
17,Dec,360945,383669
21,Aug,262963,351758
27,Mar,270029,269079
15,Jul,497617,634065
11,Nov,400374,310491
7,Mar,291164,606543
6,Apr,332329,224038
3,Feb,684175,660612
30,Apr,684448,355073
18,Oct,464956,192918
27,Oct,277424,663017
15,May,331577,648607
29,Jul,383213,708007
16,Mar,333893,671531
22,Jan,225153,208304
13,May,209998,295162
23,Sep,390956,680308
28,Jun,520485,371876
25,Jun,538983,471177
4,Aug,698671,655456
10,Aug,281653,575312
21,Oct,408628,480643
27,Nov,617377,439684
22,Sep,628135,396507
6,Mar,347090,343302
10,Feb,599723,548774
26,Jan,260264,192646
21,Apr,454808,394657
29,Jan,469507,167737
28,Apr,534743,207606
29,Jun,363970,173059
30,Jul,656408,467701
12,Jul,523483,465617
30,Nov,259678,514637
9,Feb,314825,650906
24,Dec,457922,246066
15,Apr,423502,629166
13,Sep,418270,671178
9,Dec,563619,516128
14,Nov,418108,212705
21,Jul,350981,315824
29,Dec,479095,536161
21,Sep,380067,173189
7,Apr,432932,281619
4,Oct,561918,440484
4,Mar,423059,250712
1,Jun,544349,415020
15,May,230749,509930
3,Sep,480721,609682
3,Nov,496553,746164
20,Feb,328518,289440
26,Nov,612502,424928
1,Feb,421507,458279
20,Apr,647461,664440
27,Feb,237579,586540
5,Sep,389498,313455
22,Aug,405921,484965
8,Sep,531190,491187
22,Jan,301190,710728
5,Jun,215513,739536
9,Dec,690270,177958
4,Jul,662896,308474
10,Mar,536431,520628
21,Jan,527401,324931
3,Dec,422095,397994
24,Aug,449689,596713
30,Jan,692044,311320
15,Sep,403100,310667
17,May,350965,267827
23,Jun,232681,450431
27,Jun,305002,336628
26,Aug,699911,501080
10,Aug,643819,654796
25,Nov,384855,420976
28,Feb,577449,560503
10,Apr,366994,541348
21,Nov,200435,374404
19,Dec,302801,611881
11,Jul,675817,421733
7,Mar,291999,593665
16,Dec,251963,641992
19,Aug,564896,491747
29,Feb,240617,172446
9,May,546890,625151
11,Feb,539592,675662
2,May,320360,333629
5,Oct,668485,229718
5,Oct,609758,626033
15,Jul,568107,747633
5,Feb,282457,446248
21,Apr,406234,203591
16,Sep,653760,469307
2,Jun,635008,456872
5,Nov,408832,635930
13,Apr,568788,580330
4,Dec,508501,217854
1,Nov,482018,547724
26,Feb,300438,194495
16,Dec,324508,329097
30,Apr,621485,205204
5,May,290174,153744
15,Jul,376830,621666
29,Dec,341681,728333
27,Oct,664563,444236
28,Sep,520185,495525
15,May,562861,599675
28,Jan,609940,397294
26,Feb,208201,621090
29,Jul,544542,330800
2,Nov,624148,190995
8,Sep,332487,409383
15,Aug,498665,692725
5,Apr,343150,735701
19,Jan,469378,476240
3,Aug,217965,452294
13,Dec,347081,530119
2,Oct,491563,204181
15,Dec,421087,551671
30,Oct,412219,493497
12,Mar,594273,655326
2,Apr,469416,238393
11,Oct,614386,184653
4,Dec,209158,429106
16,Sep,589194,461860
4,Mar,347934,353463
21,Sep,519481,163985
6,Sep,625628,714437
25,Jul,644126,188106
11,Sep,558274,666141
24,Apr,667175,286759
21,Dec,233520,151687
10,May,554621,469969
2,Feb,329457,745129
4,Oct,565693,560035
27,May,385102,686220
19,Nov,546249,396429
16,Apr,623891,438515
24,Jun,667549,489310
23,Jan,527712,413628
11,Mar,312043,501460
23,Oct,637357,431717
9,Oct,564052,662970
20,May,304040,276028
1,Aug,696287,203449
21,Oct,379571,240328
20,Aug,506990,240890
10,Dec,392885,566518
4,Sep,682560,486649
22,Apr,250526,718113
20,Oct,261803,370803
12,Sep,322127,175426
10,Feb,573930,698160
21,Nov,667184,265609
22,Oct,306384,228334
26,Mar,569424,198515
20,Jul,287485,610602
15,Jan,545390,512259
23,Sep,364282,682649
29,Dec,446399,749925
3,Aug,282563,154185
28,May,437434,719721
15,Oct,680419,697359
13,Aug,354284,374292
20,Jun,234159,529032
21,Jun,681939,332847
29,May,254021,642264
3,Jan,418006,235762
11,May,481920,609119
3,Feb,668622,487897
20,Jun,659189,300132
15,Jan,438834,626513
28,Oct,368781,272167
16,Sep,437457,251491
4,Aug,678400,582057
24,Sep,274968,179494
2,Sep,678296,498015
2,Aug,262876,555580
21,Sep,410515,651984
4,Jun,300398,279845
14,Nov,278896,413152
15,May,247105,576039
3,Nov,538373,229116
12,Sep,458004,630325
2,Oct,468216,507408
14,Jun,476610,330602
27,May,333187,168453
6,Dec,207444,449625
2,May,241024,211831
17,Dec,596271,666308
15,Jul,504447,446008
29,Dec,521703,746500
24,Apr,396623,237943
12,Oct,247583,308724
6,Sep,357166,366480
13,Jan,329159,700833
19,Nov,385750,529556
26,Nov,306174,482199
23,Jul,486111,462403
27,Jan,606421,249910
25,Mar,313468,180393
15,Feb,454987,546821
19,Oct,517886,477803
14,Oct,552875,563611
2,Jul,687907,410102
17,Aug,467524,434947
7,Apr,459330,395101
27,Jun,253495,479999
19,Sep,418964,209772
11,Aug,613399,548228
15,Oct,489829,344876
13,Aug,285697,435391
22,Dec,217119,596946
9,Nov,475685,387924
16,Jun,447212,645437
21,Dec,532427,200513
7,Jan,630720,457337
1,Feb,654283,301984
26,May,470513,372392
9,Aug,457372,329964
16,Dec,265283,484207
24,May,550552,225167
30,Sep,231030,579831
18,Nov,417392,239193
5,Aug,573398,727705
29,Oct,352882,483238
1,Oct,531365,529983
28,Oct,569500,207737
12,Jun,453309,568514
25,Nov,206792,504743
16,Jul,642539,480714
26,Oct,524890,619346
7,Mar,212479,218595
10,Oct,643810,366973
22,Jan,690648,308162
14,Sep,514155,244645
13,Jan,602300,508984
22,Feb,495849,430015
1,Jan,516028,528333
20,Feb,526512,735532
29,Jul,663767,297398
18,Jul,289870,369793
8,Nov,465849,654045
2,Jan,593144,488411
6,Apr,632505,476310
26,Jan,683127,476509
27,Sep,257267,640835
8,May,431433,546316
1,Nov,488007,644796
19,Feb,659194,559759
9,May,383672,652021
15,Jan,662424,453067
6,Sep,214619,307515
13,Apr,572211,565668
15,Aug,261833,651619
16,Nov,558932,157923
2,Feb,320372,413162
29,Apr,342290,725885
28,Mar,330849,697987
15,Oct,683709,655313
24,Dec,327705,557285
17,Feb,551036,322527
28,Jul,437916,529165
4,Mar,416933,441590
9,May,622388,196497
3,Apr,225216,154792
11,Nov,492953,718760
20,Jan,289906,511297
23,Mar,362167,222094
24,Dec,322984,354377
4,Nov,600349,266459
7,Jun,397505,566895
26,Jul,449444,254336
6,Dec,410832,403308
23,Aug,490847,669863
2,Aug,385863,703096
22,Mar,584565,673390
7,Feb,602285,521176
12,Jun,281897,306920
13,Mar,458514,354681
16,Jun,363928,577629
14,May,464524,651845
28,Jul,405629,507352
22,Jul,264706,507293
28,Mar,387163,271084
22,Dec,466147,346777
1,Jun,504116,233193
7,Apr,436677,171774
28,Dec,332292,446237
3,Apr,339236,525737
1,Feb,689072,524599
20,Feb,439228,150788
8,Aug,570136,682171
27,Sep,301272,310247
9,Feb,628465,275580
24,Dec,569570,726576
24,Apr,216365,557743
30,Nov,420422,683144
29,Aug,471253,191439
30,Jan,477361,586660
21,Nov,504450,544602
26,Nov,304965,669170
5,Mar,332620,519726
18,Jan,413525,276179
7,Apr,287062,163474
25,Aug,648821,317874
17,Feb,563748,461235
20,Aug,536641,483301
25,Jun,354974,407970
18,Jul,374191,596526
28,Apr,259987,676672
9,Aug,421871,381436
22,Apr,563886,187983
19,May,378808,293570
29,Nov,282680,552637
23,Apr,336548,523947
3,Feb,571756,392844
13,Feb,447962,394956
22,Oct,356982,326532
6,Nov,332891,653502
10,Mar,463828,532953
29,Apr,209198,206880
6,Mar,304450,347522
16,Dec,686215,394979
24,Nov,405136,232220
17,Aug,314719,714705
25,Nov,388125,162173
2,Apr,691949,460783
23,Aug,569168,683697
27,Oct,272974,610905
9,Oct,252482,215634
9,Apr,481699,436417
16,Sep,404595,321469
12,Apr,272664,407122
3,Jan,313693,568192
14,Nov,287851,586071
9,Jul,234352,496540
30,Feb,578251,732776
18,Jan,528042,392360
14,May,417989,209495
29,Oct,615710,406130
11,Mar,501517,578743
10,Feb,310322,389241
6,Aug,632642,678704
21,Aug,403682,424969
28,Jan,401093,351080
4,Jun,571549,577043
29,Mar,251631,366240
19,Aug,215092,322113
17,Mar,457317,552941
30,Oct,565520,618202
27,Feb,249311,474986
8,Sep,345992,321404
6,Feb,418282,215087
13,Oct,361089,696695
24,Dec,421211,327156
6,Jan,206544,554066
6,Mar,359342,726501
28,Dec,321802,236354
12,Jan,567989,626891
15,Sep,242985,672884
4,Nov,364000,594850
13,Jul,538048,245876
5,May,691916,698454
28,Dec,459596,592928
29,Sep,633196,561191
15,Nov,670257,503391
3,Dec,688042,341370
30,Aug,578030,366452
8,Feb,381983,216423
6,Jun,333526,383684
19,Nov,627924,413047
6,Oct,431234,581481
26,Aug,652534,601672
2,Jan,636933,443325
21,May,428369,278695
8,Jan,338167,747608
4,Jun,225150,345193
30,Jun,682035,708343
3,Sep,262542,375383
26,Feb,495087,708904
3,Sep,556606,250199
9,Jun,281785,382785
23,Dec,693594,373055
27,Mar,292672,424160
6,Mar,416426,645147
14,Apr,343886,713323
19,Mar,322374,317214
20,Nov,363182,185169
8,Nov,371560,220573
22,Jun,528235,690204
10,Oct,389484,225724
17,Sep,332610,437231
15,Jan,204650,295312
8,Aug,579655,221056
14,Mar,598558,711558
16,Aug,639940,498583
16,Apr,599905,527334
3,Dec,640261,745507
30,Jan,264013,458719
18,Feb,555527,412337
7,May,646277,741108
12,Nov,288156,289012
19,Aug,553269,309686
28,Sep,336641,663615
22,May,399717,255711
16,Mar,459835,275213
9,Jan,261805,265500
25,Jun,487818,487124
14,Dec,366616,394322
29,May,595503,560197
29,Jun,599501,232765
3,Nov,319833,424189
18,Jul,404274,605809
21,Oct,431348,344566
10,Aug,232504,336615
23,Mar,339132,684742
12,Sep,434263,317761
17,Dec,695049,346381
7,Mar,205575,531536
13,Jan,591221,285279
3,Jan,340400,329043
11,May,368926,500428
17,May,307686,716449
14,Jul,327457,692738
24,Feb,216425,630930
14,May,303672,582536
1,Jul,476582,389928
28,Nov,479924,454412
19,Jan,431309,387921
13,Dec,532189,166280
6,Mar,385874,270261
19,Jan,679291,344317
18,Apr,526886,415017
13,Oct,635136,432713
27,May,274616,375529
27,Sep,525667,223971
26,Nov,462874,193881
29,Feb,446586,337444
9,Dec,399414,248554
7,May,593004,462326
16,Jan,364624,471517
27,Nov,588694,268828
23,Mar,264512,698448
6,Jan,536783,246112
28,May,392217,679098
2,Apr,236230,264251
20,May,655519,271472
23,Nov,588245,161702
14,Aug,368016,433524
9,Aug,515898,343421
13,Jan,534808,302579
24,Aug,433147,246854
4,Jun,334013,601662
18,Jan,206235,370220
18,Apr,633245,302672
4,Mar,284774,325030
10,Aug,413109,511843
18,Jun,472790,486519
1,Mar,279042,486518
7,Aug,668134,243917
4,May,328545,259666
11,Jul,231208,686417
21,Jul,344362,265124
30,Apr,594677,387683
16,May,380129,748501
16,Jan,369486,314594
15,Mar,479483,672175
25,May,271904,602384
5,Feb,606461,567183
9,May,403920,718033
8,May,413759,613463
19,Mar,200856,590979
4,Jul,295950,542745
4,Dec,489749,422967
29,Apr,570262,218354
16,May,642474,365050
5,May,550398,388622
11,Oct,376239,197431
13,Mar,421585,315280
4,Apr,559078,573285
10,Oct,310966,652014
7,May,424107,424576
19,Nov,377853,189203
25,Feb,291622,528525
3,Aug,402666,332534
7,May,355955,394821
5,May,615901,368846
27,Apr,213046,611107
30,Jul,263028,622571
24,Jan,255516,532779
27,Jan,383473,566117
30,Aug,270479,532167
15,Mar,541334,280989
3,May,442509,737629
14,Dec,435918,684812
25,Mar,459186,197737
7,Jan,461834,323000
27,Jan,496697,392156
4,Aug,450321,159062
18,Jun,226468,506823
12,Oct,365168,160733
8,May,538752,239361
25,May,476107,235927
20,Oct,462911,483003
21,Jan,388467,257941
6,Jul,634650,386711
11,Jul,564225,606070
18,Oct,359989,290763
19,Mar,594358,165103
8,Mar,645700,549969
9,Feb,658778,675637
21,Mar,248224,623437
30,Jan,420776,493126
1,Jun,649258,713355
15,Jun,682003,359447
27,Apr,350038,521775
10,Aug,656930,283565
29,Feb,681904,682165
2,May,535695,675156
29,Jun,378076,398034
5,Jun,341120,662346
3,Apr,381623,500121
30,Aug,282739,559787
18,Sep,423938,648923
16,Sep,417677,152564
17,Jun,271709,168712
6,Apr,212139,709265
5,Oct,245748,732862
14,Feb,237188,427328
2,May,216488,274774
13,Dec,532595,264594
17,Jan,250082,273930
11,Sep,570013,561705
22,Nov,525931,351199
23,Jan,515093,667284
21,Sep,536457,339450
20,Jul,218512,570012
26,Dec,452816,298910
6,Nov,211619,602993
30,Nov,632120,340629
19,Nov,230459,458210
12,Jul,290111,295848
26,Sep,265265,589135
14,Mar,382914,377868
16,Jan,651910,554969
7,Jul,489016,290492
24,Dec,380899,377643
21,Nov,270156,626504
7,Sep,404325,186478
4,Dec,380959,247656
2,Nov,338206,486912
22,Jul,568512,661800
11,Sep,348820,478311
10,Sep,410048,289979
1,Jun,500762,600348
20,Sep,297770,463022
16,Dec,526502,348949
30,Oct,304892,622594
29,Mar,423106,684988
10,Sep,326594,521042
22,Apr,601847,694957
9,Apr,296876,406409
19,Oct,620562,685279
22,Feb,322295,161322
18,Sep,351970,486955
19,Dec,264774,714552
16,Oct,215568,263244
21,Jul,520105,450305
30,Jun,572247,265427
20,May,257836,658685
24,Apr,566055,347617
5,Jul,649350,493626
16,Jun,396963,593022
3,Jul,491598,573964
13,Sep,415230,733753
25,Oct,665620,701384
16,Jul,361261,664220
2,Dec,416129,717869
5,Sep,371977,607862
5,May,237287,222090
24,May,384511,615835
6,Jul,413891,412946
7,Sep,562657,605460
29,Sep,210249,435077
10,Jan,491669,160361
28,Mar,690661,376053
23,Jun,594083,594394
11,Oct,568672,297236
12,Mar,449027,204624
26,Jan,663265,523682
19,Feb,565451,322110
26,Aug,253921,382149
30,Dec,666767,222547
2,Oct,627641,641717
13,Oct,427297,189269
8,Aug,476626,660647
1,May,212277,182300
9,Jan,200834,214292
29,Sep,578704,642641
23,May,245404,346069
2,Dec,648287,443244
8,Jun,331635,464902
24,Nov,466061,154686
30,Mar,351787,304487
30,Aug,417070,595063
25,Jul,619578,620798
4,Aug,390196,694452
24,Dec,260776,389335
9,Jan,590972,549081
16,Jun,230777,686433
2,Feb,264342,717037
7,Jul,311917,181785
6,Jul,490389,413626
25,Apr,616675,150385
30,Jan,607864,430804
9,May,481339,267943
21,Apr,202341,481155
26,Sep,664984,685121
16,Mar,621393,694247
7,Dec,481508,625736
22,Jun,571612,538488
19,Oct,628278,671902
30,Mar,456888,427740
27,Feb,424024,361899
21,Sep,484422,305456
15,Mar,553030,589895
6,Oct,624699,699288
24,Feb,596847,632906
29,Sep,263708,744910
14,Feb,685236,323683
13,May,535112,693017
29,Dec,518417,589418
11,Dec,218158,165109
23,Dec,416787,471218
22,Mar,400806,297438
15,Nov,359854,235096
21,Jun,299152,166791
28,Nov,375148,367430
16,Oct,487344,272223
15,Feb,355968,276499
10,May,246011,335056
15,Oct,358182,388658
30,May,449722,452918
2,Dec,491932,690458
25,Nov,264279,583581
20,Apr,394657,519063
20,Jul,573190,690872
10,Feb,219292,253552
26,Dec,437205,344672
11,Mar,446302,464926
4,May,459898,675685
19,Dec,439176,494168
28,Sep,320970,374496
25,Mar,323844,648064
9,Jan,675535,628651
7,Apr,643765,180793
5,Jun,680666,596098
18,Jul,266971,192153
7,Dec,493482,172916
15,Dec,524840,723280
17,Sep,393969,689007
22,Sep,312723,315318
8,Apr,265984,410696
20,Feb,658227,381366
19,Nov,668684,332712
14,Oct,209169,619352
7,Feb,507812,479833
25,Sep,684889,214472
20,Sep,487409,159074
14,Apr,299076,736722
2,Feb,473987,461426
5,Feb,424278,435596
27,Sep,214263,337366
22,Aug,495274,715116
6,Jul,291962,584653
15,Jul,691002,154487
9,Dec,473351,456738
7,Nov,690105,250687
16,Jan,653270,523986
14,Jul,246121,720010
13,Sep,695686,600883
5,Sep,679995,223657
16,Jun,575597,354720
15,Mar,245938,672084
30,Dec,688838,410165
4,May,315034,270109
15,Dec,453555,362282
1,May,651998,591542
20,Jun,395273,694367
11,Apr,302103,261396
2,Jun,431394,746222
18,Jul,592240,642220
28,Dec,212911,325168
1,Sep,316314,484310
5,Aug,548752,681430
26,Oct,205561,686638
22,Jan,513282,323648
14,Jan,379499,309563
7,Jun,607592,208658
1,Jul,283822,371618
27,Feb,618310,694708
25,Nov,355352,184895
19,Apr,520672,340252
27,Sep,366632,198244
11,Jan,452791,601833
14,Apr,387512,648853
3,Jun,463023,192808
9,Jul,362192,311522
7,Nov,678171,542374
2,Feb,626737,229764
20,Aug,556760,592203
11,Dec,317506,200853
27,Jul,337924,544244
14,Nov,462165,321075
15,Jul,314589,514212
7,Apr,346998,469708
7,Feb,658092,255118
19,Jan,475446,209694
3,Dec,305526,348470
18,Jun,306505,233702
19,Oct,442218,271366
28,Jun,604049,237029
13,Dec,250962,244682
9,Jan,638061,187147
21,Nov,352785,255550
2,Oct,498078,660212
3,Jun,563274,170337
4,Jan,688364,540000
20,Mar,640904,636897
10,Jan,260438,305539
24,Jul,517159,687157
15,Aug,504397,601303
8,Jun,629519,464143
9,Feb,435222,343153
16,Feb,208683,726681
14,Sep,229495,438124
24,Jan,555756,624718
10,Jan,612452,558757
11,Jan,611033,309693
1,Jun,642147,369444
9,Apr,202578,403365
19,Mar,606906,350318
19,Oct,522756,203242
23,Nov,287330,444194
3,Aug,521445,157628
1,Sep,698029,612138
20,Nov,437842,540636
14,Dec,473562,283963
12,Jan,391148,466886
1,Aug,240604,693038
17,Feb,531594,190184
28,Jul,283558,452902
29,Dec,459256,746966
15,Mar,331352,547364
30,May,422100,167391
22,Apr,480462,633243
18,Jun,554509,333014
19,Apr,281952,187256
12,Aug,696642,167775
28,Nov,471301,708175
10,Feb,250674,634244
8,Apr,599966,425581
27,Sep,609402,545260
14,Jul,529395,325698
24,Jun,672992,231198
28,Oct,610327,514977
24,Mar,600953,474907
20,Aug,254331,464819
12,Jun,536709,627903
13,Jul,525520,497601
11,Jan,695581,408093
28,Feb,460649,399479
9,Jun,461380,486693
13,Oct,353797,482480
23,Nov,210748,440104
8,Apr,249496,473091
7,Mar,626817,684404
14,Jun,201459,655733
21,Apr,523445,685994
28,Dec,201586,240830
5,Feb,537473,702500
29,Sep,484308,266996
17,Aug,622857,233739
15,Feb,634020,310938
5,Dec,573501,748045
11,Jan,667346,471123
13,Oct,374663,306767
22,Sep,317022,459095
27,Apr,435422,519704
20,May,669744,267193
6,Jan,245530,466378
15,Jul,289503,561732
20,Sep,465327,211166
28,Mar,586118,200438
7,Jun,353071,401762
23,Mar,217421,494759
4,Jan,509940,303544
11,Dec,359345,284298
11,Apr,237901,446117
16,May,312365,739716
10,May,228381,265632
18,Sep,686834,388172
27,Aug,436777,332153
13,Nov,205944,678630
6,Dec,589557,742487
3,Sep,658618,444519
25,Mar,422986,157138
30,Oct,203558,157154
8,Apr,543292,723182
28,Jul,222876,617602
19,Jan,513965,229387
27,Jul,391460,262947
28,Apr,671644,256495
29,Apr,435298,349695
9,Mar,385200,531212
28,Mar,396062,592589
27,Apr,609860,229769
1,Nov,626115,614018
8,Sep,449351,541728
15,Aug,629452,541894
3,Nov,267308,521516
13,Mar,256606,188014
15,Nov,650084,501663
8,Jan,675740,388546
17,Nov,299641,485712
16,Feb,653797,417164
11,Mar,488164,333120
27,Jun,674229,409867
22,Jun,310668,330094
15,Jun,302597,734614
12,Feb,545588,182672
6,Aug,589643,396753
16,Feb,327512,535071
8,Aug,681580,515561
20,May,376721,164123
29,Oct,622807,225306
19,May,557150,689013
18,Jan,378381,653298
19,Apr,603417,343051
13,Sep,354409,349752
15,Apr,653182,584315
23,Nov,506701,266435
20,Dec,308281,633532
4,May,408530,193917
13,Nov,622587,400334
14,Jun,390235,469129
2,May,215859,158645
8,Jan,243068,380487
22,Jun,318641,274950
4,Jul,667079,486420
21,Jan,435419,354530
20,Jun,406706,433231
9,Jun,224134,506820
21,Dec,223266,642462
24,Jan,647534,600471
7,Dec,419367,685036
29,Feb,209070,275609
17,Oct,589939,715907
11,Oct,344809,333071
25,May,310134,339404
10,Jul,548854,338617
12,Mar,339716,538271
9,Aug,519943,213955
16,Jul,672892,585748
15,May,333852,315679
23,Nov,241799,264870
15,Jul,464196,547756
16,Jul,368914,733172
24,Sep,509107,723555
4,Jan,666287,150387
7,Jul,579253,724871
11,Mar,274466,348442
7,Jul,500798,289444
18,Jan,358557,692413
2,Aug,228608,292263
11,Feb,624852,730472
24,Mar,489320,382377
13,May,493323,509663
11,Jun,614767,451725
24,Mar,474955,400576
20,Jul,409570,482102
21,Mar,521523,190540
8,Nov,356910,617381
18,Dec,517158,335481
27,Mar,568967,168876
21,Feb,546126,282152
14,Nov,322889,333124
30,May,510952,616368
3,May,697696,406597
14,Sep,356855,171208
12,Oct,695871,571056
4,Sep,485126,626076
29,Feb,689972,595526
9,Dec,297332,655424
24,Apr,225310,350836
28,Jul,412972,448856
18,Sep,438466,348685
9,Jan,510876,178631
13,Mar,228780,377752
9,Apr,467076,632882
11,Mar,236349,522554
30,Sep,665789,671785
5,Nov,441095,295622
1,Oct,272958,669239
13,Dec,683718,598927
27,Jul,552985,314070
24,Mar,363219,560034
30,Apr,298511,403677
19,Jun,493729,703875
23,Nov,262809,181239
29,Nov,422398,587883
10,May,418379,511795
29,Sep,670616,629737
23,Apr,384949,716854
7,Jul,294774,742194
30,Jul,219854,306201
14,Aug,492100,700400
12,Sep,519383,641211
16,Jun,646000,198676
29,Jan,299923,561865
5,Jun,566105,517335
20,Jun,394636,425380
5,Feb,262630,564334
1,Sep,475954,176537
9,Aug,659311,662977
10,Nov,216919,470169
13,Apr,225013,649914
14,Feb,572587,167327
5,Oct,571654,698018
12,Aug,613938,341263
2,Jun,483339,206314
27,Jul,671093,471498
21,Nov,608479,742060
10,Aug,538525,173503
28,Oct,449330,691737
17,Aug,547056,355014
1,Jul,489287,519866
18,Jun,536039,431078
6,Sep,303552,599206
23,Dec,263431,514762
25,May,505836,572213
10,Apr,390553,337070
11,Apr,217356,162291
26,Dec,674761,252452
30,Sep,694625,715444
18,Sep,227084,598328
8,Feb,398488,631070
12,Oct,286967,714916
16,Jul,229798,626804
24,Jan,294013,406988
30,Feb,336579,582557
13,Jul,541035,748955
3,Mar,234307,190820
5,Nov,215539,692801
23,Feb,680177,197494
8,Aug,443990,319952
22,Sep,542429,704067
25,Feb,478964,673881
21,Mar,363470,388625
3,Jun,351771,158195
30,Jul,357319,184720
3,Jul,509270,321977
14,Mar,483180,740456
4,Apr,398187,333873
16,Aug,234097,583304
1,Sep,238432,345701
17,Nov,359395,701836
22,Jan,204313,685534
13,Feb,537093,746460
15,Nov,637272,641251
1,Oct,404199,500027
17,Feb,515868,270236
28,Aug,453033,740039
21,Oct,229322,218840
20,Dec,668803,699738
16,Apr,367268,667091
30,Jul,307325,316718
2,Dec,256366,430548
15,Oct,300866,407731
22,Jan,241878,667760
22,Dec,413302,548659
26,Nov,223098,552995
26,Jul,606861,284561
7,Feb,337149,234421
26,Nov,268375,663365
17,Feb,592937,651047
14,Jun,408350,593040
1,Apr,633741,351684
2,Jun,378292,182875
19,Jun,350549,404711
30,Jan,461242,313319
6,Feb,505738,562074
18,Dec,202448,331126
21,Oct,391036,162577
12,Nov,218691,575214
8,Sep,247805,457212
3,Jul,382300,595298
27,Jan,440001,292320
16,Mar,458670,223099
10,Nov,523750,521137
8,Apr,641266,364391
19,Dec,391370,423811
30,Oct,436712,689810
4,Jan,308060,455980
26,Oct,459229,252401
1,Oct,561458,500549
22,Dec,302809,253820
16,Jun,394460,578432
26,Nov,602614,516062
30,Jul,443960,380489
23,Jun,236527,184913
7,Nov,535694,671031
24,Jun,564735,549352
4,Jan,596014,281263
27,Dec,315503,654128
14,Jan,576099,404801
8,Sep,397310,656348
27,Nov,495703,329712
20,Jun,627002,271913
6,Sep,297614,428427
17,Aug,390301,341452
28,Sep,279931,451957
19,Feb,528239,745106
24,Feb,212044,703066
22,Oct,363089,651283
14,May,265086,270120
25,Jul,681650,579298
25,Feb,503173,659820
22,May,611923,611327
24,Dec,462680,686947
7,Oct,238156,284082
6,Jun,503946,462942
22,Aug,314947,193289
13,Sep,578297,749351
15,May,279255,498345
9,Sep,568521,583645
2,Dec,567121,259914
21,Oct,290469,713894
14,Jan,579226,749137
14,Apr,359246,648288
10,Feb,358502,572684
30,Dec,586992,609519
24,Jun,377707,178437
22,Sep,591260,187321
14,Sep,545290,458669
13,Mar,389877,654340
6,Feb,440241,288710
12,Jul,648838,236945
18,May,345156,470709
8,Nov,484411,152735
3,Sep,621029,320570
7,Jan,221179,225176
30,Aug,462214,481622
27,Dec,607621,175036
8,Apr,662628,422435
3,Apr,451802,162720
29,Oct,560137,498476
6,Aug,691916,627908
2,Jan,279115,542511
5,Dec,590494,291776
1,Jul,404535,186205
20,Mar,245257,267966
3,Sep,223595,710675
30,Jan,438082,484542
7,Feb,452776,602159
12,Feb,621348,180754
28,Feb,558578,533419
26,Dec,433282,450322
28,Jan,560482,587886
26,Jan,521335,175359
20,Sep,429133,208844
2,Dec,599024,546393
24,Apr,492662,185263
11,May,386269,530037
14,May,480102,478585
6,Dec,505516,197463
1,Mar,682334,629758
21,Jul,478252,205397
5,Jan,502122,661168
8,Apr,480454,645295
7,Jun,564817,374599
19,Jan,617661,225115
4,Sep,215949,737326
23,Oct,494016,345200
17,Sep,241304,659983
29,Sep,553744,334663
1,Dec,351203,174028
18,Apr,404312,470235
23,Aug,448947,271749
16,Aug,520188,649383
14,Jun,259523,573553
7,Jul,442291,326261
21,Jan,637672,716299
7,Mar,432288,335106
25,May,691891,164463
27,Dec,500556,158787
17,May,231944,603629
9,Jul,671083,695261
11,Jun,597326,714516
25,Oct,698261,710812
13,Jun,448377,633690
6,Feb,531466,730760
1,Jun,560573,694917
14,Mar,373434,161011
20,Jun,393595,209255
27,Apr,450117,617625
28,Jul,456262,640106
14,Sep,426329,178173
10,Aug,633937,376978
12,Aug,503289,532731
12,Nov,664966,473961
24,May,462583,626718
23,Mar,587145,395737
6,Jan,449428,313031
17,Mar,658233,440376
12,Nov,456733,458372
11,Jan,279055,313781
7,Dec,347061,727557
11,May,675704,384421
11,Dec,343513,667568
14,Jan,406928,652101
20,Mar,459283,238244
15,Nov,218356,580494
17,Mar,602085,647615
10,Mar,511040,476915
16,Mar,238111,338508
15,Oct,501077,223595
30,Apr,373013,500559
15,Mar,431110,262423
30,Apr,436850,433448
2,Oct,515138,219300
6,Feb,480635,399926
27,Jun,480710,328929
22,Sep,571311,214674
1,May,292928,396149
23,Jul,552188,721731
2,Oct,392283,667379
11,Oct,502984,264577
6,Dec,397434,364058
16,Jan,418925,723845
24,May,299702,507151
17,Feb,390044,379141
18,Sep,231207,741502
12,Jun,365475,635936
24,Jul,551732,318391
21,Sep,588507,293173
7,Nov,403660,643928
2,Apr,359419,556244
28,Feb,638519,553368
4,Jun,541727,392849
10,Jul,437069,567456
28,May,641218,452110
7,Mar,636026,709223
7,Feb,389088,736898
24,Jun,455037,435558
26,Nov,500505,375891
6,Oct,626975,456718
20,Feb,534630,205397
20,Nov,466854,573056
29,Jan,608537,427756
20,Jul,377699,462876
11,Aug,606936,256055
19,Jul,621087,241343
3,Dec,650762,157692
19,Oct,253962,643999
17,Jul,623208,695518
25,Aug,477059,225298
27,Feb,448873,279603
16,Dec,470246,151768
20,Nov,221486,291551
9,Oct,493161,702546
4,Sep,409284,656854
5,Dec,549198,536905
7,Dec,292668,205859
21,Aug,438094,159425
8,Jun,297232,740070
28,Mar,587464,300961
25,Sep,431268,561722
8,Jan,280193,562825
18,Nov,648928,661543
16,Mar,600069,307326
23,Mar,378903,586596
16,Apr,256969,338315
15,Oct,581476,593496
18,Aug,213844,400096
3,Feb,652399,170900
14,Nov,236709,192380
28,Jul,662123,379800
26,Nov,423381,374714
20,Apr,216531,256747
25,Feb,292830,328511
4,Aug,413317,472850
15,Apr,504968,273427
22,Sep,253124,480789
9,Dec,203349,278598
19,Mar,542087,672796
19,May,533438,487846
8,Sep,212293,290635
6,Apr,686664,514333
27,Jul,473948,345288
18,Jan,534654,513151
25,Mar,278243,390825
18,Aug,549021,559118
8,Oct,562273,220252
8,Nov,683032,330384
27,Sep,522075,450730
30,Jun,539178,603881
1,Aug,426556,216002
23,Sep,666391,637534
8,Mar,498917,661212
18,Jan,337590,431840
28,May,675153,242032
20,Feb,415631,612426
3,Jul,508583,667640
8,Apr,690556,294433
11,Apr,360053,621822
1,Dec,363369,387867
7,Feb,223235,533880
25,Mar,387689,716721
12,Aug,541819,488135
1,Jul,674671,597363
5,Sep,410595,392295
25,Oct,226241,627885
9,May,560553,550126
16,Oct,311471,184972
20,Jun,551896,702447
25,Apr,568399,600437
15,Sep,365817,360223
2,Mar,688611,549176
12,Aug,484651,159505
21,Aug,589476,546705
19,Nov,647934,349907
17,Nov,543921,343495
30,Jan,328473,329942
7,Jun,244016,722674
7,Jul,658180,522636
25,Aug,383298,421140
8,Jul,357580,658674
13,Aug,345407,744585
10,Feb,663103,509498
4,Jul,541721,591971
5,Oct,686836,366832
27,Aug,616940,528853
12,Feb,669943,662218
11,Apr,575375,478285
17,Sep,203838,513685
19,Oct,527886,379321
4,Sep,537952,170554
9,Oct,233715,359264
2,Dec,663618,227824
24,Nov,284123,458133
3,Jul,478540,668865
17,Oct,568122,507446
12,Oct,216651,351889
29,May,365650,626013
15,Mar,489321,749914
3,Mar,204448,454669
14,Jan,412221,168210
19,May,593747,496573
7,Jun,469648,243085
9,Feb,658202,550712
15,Jul,495364,275203
19,Jul,246121,440148
17,Oct,302369,657724
6,Feb,559272,746411
14,Nov,563633,749328
21,Feb,580085,196057
23,Jun,475898,500904
4,Dec,437309,434869
26,Apr,667118,436016
22,Dec,664549,390589
27,Mar,452500,269890
9,Oct,325024,418548
30,Oct,257906,617448
21,Mar,570011,164563
22,Sep,321016,735122
23,Feb,605699,684899
14,Jun,607501,451609
19,Feb,638722,650972
6,Oct,345799,507735
14,Dec,699660,235266
5,Feb,290267,624600
27,Aug,553438,598425
15,Nov,691454,297532
29,Oct,397342,460559
2,May,607196,570522
9,Jun,250442,437742
16,Dec,274745,644810
2,Mar,580950,599189
11,Sep,684048,368840
1,Sep,281288,312776
7,Mar,310288,667124
29,Mar,323289,546952
21,Jan,344507,378869
1,Aug,376840,239042
26,Oct,606855,489483
11,Nov,410471,485043
26,Nov,378086,192065
8,Feb,386189,729777
16,Mar,543612,213109
23,Jul,490278,536777
5,Jan,311150,369559
25,Apr,639111,372975
14,Feb,426715,238721
20,Feb,672389,293664
15,Dec,344380,618296
7,Feb,638324,476302
5,Apr,235939,701317
4,May,280417,728994
1,Apr,229828,279890
6,Apr,495190,171330
17,Oct,409946,410837
17,Feb,551505,422240
12,Jul,454176,617583
5,Aug,363386,523451
30,Sep,540342,152389
9,May,540477,223811
20,Nov,378983,383142
17,Jul,387978,333535
8,Jun,654126,265596
28,Mar,414355,499053
28,Dec,459981,320895
8,Dec,472754,176788
1,Apr,302856,681608
21,Jan,257994,716607
23,Jun,610850,257590
21,Jun,645586,546861
2,Jun,343229,497675
2,Aug,287734,682379
11,Feb,276469,352836
21,Jul,627952,705814
8,Nov,440769,730306
8,Dec,617330,686090
14,Jul,560614,213146
15,Aug,538907,613466
25,May,279662,188739
12,Oct,211633,562167
28,Nov,504933,701107
6,Jul,512044,632842
27,Jul,319471,416710
8,Jun,572026,657789
28,Aug,225195,221438
17,Sep,657933,177246
8,Feb,303456,222321
14,May,339821,372887
20,Jul,652931,545977
7,Jan,419073,528049
11,Aug,452063,433496
27,May,232478,742764
22,Oct,413967,369009
10,Jan,569107,425218
30,Jun,200977,284397
12,Feb,338905,288889
20,Dec,527836,373624
29,Mar,546915,451094
10,Sep,341296,604722
28,Feb,687412,342052
13,Jan,687401,522072
4,Aug,411830,372359
6,Jul,266933,678301
15,May,585280,313671
24,May,658494,387969
4,Apr,632066,275580
17,Feb,552884,405390
26,Jun,627396,668431
11,Oct,414875,642776
20,Aug,440638,482820
13,Dec,634487,427192
26,Jul,352326,395401
17,Feb,383842,611864
13,Jun,392420,745260
4,Jan,418260,555431
22,Oct,292874,582816
15,Apr,366744,556029
11,Sep,563391,577057
30,Aug,439457,385281
29,Sep,298163,708201
22,Jun,381575,183661
17,Mar,638647,512561
7,May,472061,248937
3,May,679367,620746
14,Feb,687301,677803
14,Sep,347043,505796
14,Feb,335282,621938
