target_amount,achieved_amount,invoice_count,avg_invoice_value,active_days,target_missed
615163,260125,36,9312,20,1
635915,514863,19,18223,24,1
445427,417093,50,18728,19,1
396444,269335,22,15355,18,1
738317,385972,53,16457,25,1
266932,819656,53,15572,24,0
457572,250827,22,19692,19,1
687076,833019,38,19146,22,0
597452,848391,45,8861,25,0
347680,517878,35,10663,26,0
463477,688804,20,8868,18,0
569712,371060,46,9372,21,1
400998,614716,40,13666,18,0
569499,436287,15,9452,24,1
235588,430525,15,9800,22,0
217667,461389,36,13763,22,0
682940,529893,50,9302,26,1
292201,729667,15,9871,21,0
274260,207408,49,8155,23,1
452726,499786,21,11501,25,0
361850,222512,53,12955,21,1
613372,224281,34,19018,21,1
637141,734570,41,18453,23,0
244863,770161,51,13542,20,0
752718,819269,47,18716,25,0
327062,790015,56,12168,22,0
327818,522155,25,8942,18,0
484714,427603,53,13293,21,1
206781,268138,42,17421,23,0
533933,607575,42,8796,21,0
417931,470508,25,13217,19,0
417400,168638,29,17970,20,1
744886,358298,21,13520,18,1
332485,562457,24,17727,21,0
630571,786219,26,10297,22,0
250477,700453,57,16581,26,0
378131,816824,22,13960,25,0
506127,840920,35,13801,18,0
361210,152870,15,12394,19,1
767372,797961,35,15647,18,0
714975,648562,25,9610,19,1
687847,612369,43,17001,19,1
236255,845444,20,11844,24,0
526401,722293,45,19325,25,0
266365,493759,17,10991,18,0
357478,156986,47,19120,20,1
565665,808884,15,10682,21,0
236889,649809,43,15821,22,0
447233,191374,54,18683,20,1
720833,813223,25,18710,25,0
491634,312482,24,16218,23,1
642309,609527,23,13949,26,1
459386,302179,48,13086,21,1
460565,750011,24,8145,25,0
714715,508360,17,11996,20,1
726543,189779,22,9684,25,1
345614,566336,52,8824,24,0
395250,817562,27,17232,25,0
290073,325226,39,12594,21,0
388034,696361,24,14015,25,0
757841,723205,50,18576,21,1
754683,692709,29,13837,20,1
669318,211274,30,9020,24,1
337893,231448,55,11898,26,1
489440,157522,24,12394,26,1
402675,516927,37,17719,23,0
332838,457133,54,16148,18,0
590523,587754,58,18801,26,1
710397,279662,60,18697,25,1
796149,224692,15,16336,26,1
722194,379908,28,12167,18,1
443626,760391,48,13392,22,0
246786,622604,23,13109,24,0
429540,262898,55,14249,22,1
798529,383590,25,8859,26,1
264028,746334,38,10380,19,0
627552,538394,15,13994,23,1
214972,251527,19,8445,22,0
657753,781289,46,15543,23,0
675253,286021,49,9034,26,1
657270,196586,37,19372,19,1
580083,239949,30,18978,19,1
561848,651906,28,12229,20,0
449957,479476,24,12911,26,0
789698,818610,59,17349,20,0
693218,162134,20,14398,19,1
766616,703581,27,12992,25,1
744233,456760,50,17350,19,1
205218,317550,19,19487,26,0
604669,300313,29,15898,18,1
450820,279474,42,8260,25,1
207972,352650,60,18624,19,0
296589,180104,47,8523,21,1
226110,558841,48,16356,18,0
585271,549726,15,19761,24,1
542142,291967,42,14767,22,1
596636,754136,50,12336,23,0
333158,222628,57,19139,18,1
644810,751147,33,16143,22,0
286633,543681,59,10858,24,0
366497,581856,49,9034,21,0
308940,766610,40,8637,19,0
323984,659795,40,8272,19,0
308195,416728,30,16279,26,0
288539,388050,52,14941,19,0
256161,233772,41,12622,18,1
506535,361326,43,18066,24,1
772070,447791,18,13667,24,1
484237,151892,57,8977,21,1
595284,629216,33,12840,25,0
248171,409528,28,18658,21,0
598956,713949,58,19579,22,0
301986,525867,50,19661,18,0
340211,487115,56,12322,19,0
569169,659821,24,8897,19,0
509282,182329,47,17547,20,1
244626,698870,17,15234,26,0
302021,628049,53,10738,24,0
386764,472343,47,18864,21,0
764331,429212,17,14295,19,1
482044,675484,57,16257,23,0
351029,810372,19,13758,21,0
257649,157425,48,9043,20,1
264871,798923,33,14312,25,0
790993,533981,37,8889,19,1
683180,172563,31,13636,21,1
392132,434998,21,17405,19,0
725319,713401,28,15850,21,1
261146,640317,31,16140,18,0
710897,522485,58,9408,23,1
482065,847384,17,19737,25,0
751922,727899,30,15288,22,1
346045,715835,15,10081,26,0
636512,396986,56,19005,26,1
216626,729631,28,18509,26,0
629419,539185,32,8126,20,1
584633,216319,27,8004,18,1
601294,380624,47,12817,22,1
551018,369774,17,8804,23,1
278220,159310,32,17679,20,1
501363,562956,36,12171,26,0
722574,705460,53,10440,19,1
235504,322016,57,19160,21,0
649346,590073,18,15943,24,1
458729,659826,23,17752,19,0
399538,606738,56,11527,22,0
378591,222832,45,18840,22,1
481616,496770,15,16253,18,0
207126,399204,50,11514,22,0
617854,813681,18,15977,18,0
353836,402207,20,14120,23,0
646605,743760,48,14132,25,0
705095,716387,19,18829,25,0
666476,747973,57,10312,19,0
797251,372359,19,11983,21,1
397167,817883,17,8897,26,0
652953,437272,20,15426,23,1
332016,531678,37,9581,18,0
508584,272074,60,14430,19,1
428823,383552,33,9489,21,1
680620,711843,33,12543,20,0
644968,746206,27,19886,18,0
794076,786552,59,16748,20,1
630135,346967,28,11957,23,1
333272,591367,23,19473,24,0
222458,333608,52,19617,20,0
671362,710971,16,18344,20,0
692004,811196,16,13701,23,0
734028,584587,16,17519,20,1
406036,286933,36,18700,24,1
619486,750382,26,14754,25,0
399616,548245,52,17976,22,0
346072,336450,23,14709,23,1
637199,383212,41,8697,24,1
468634,463667,51,12976,19,1
730222,478784,20,18117,20,1
311391,498835,23,14483,22,0
630125,474390,60,10162,26,1
271387,208330,16,12988,19,1
202386,848288,48,10801,23,0
235471,460437,21,19086,25,0
511933,558054,51,14046,18,0
314184,368852,24,11980,25,0
250116,250949,43,10010,25,0
765977,328211,57,16352,18,1
302329,822289,43,13623,20,0
498376,426722,34,9613,24,1
673058,262507,32,8606,18,1
388562,839628,23,8962,19,0
414899,377348,57,10658,25,1
523565,399627,47,13489,24,1
672720,362227,28,12959,25,1
616316,218018,19,13363,22,1
322289,159416,58,10258,26,1
727749,549182,19,13972,19,1
254336,269882,55,14619,20,0
259954,761819,39,14113,21,0
509706,742702,58,17195,19,0
671736,287046,31,14780,20,1
384498,235024,44,9609,22,1
289355,257314,36,12082,24,1
496088,422791,56,14190,18,1
520014,718703,25,8368,19,0
589572,350687,28,15518,23,1
268232,491972,32,12501,23,0
480083,834313,51,11687,25,0
782987,656808,53,8907,19,1
368911,643277,51,8421,25,0
610731,472818,39,8407,22,1
555615,519082,57,13405,26,1
739770,700802,46,12525,25,1
720623,828993,24,14443,19,0
285815,750251,38,12932,22,0
434968,709915,45,10709,21,0
332595,521447,19,16861,24,0
532675,560260,28,13974,23,0
628053,209549,18,15737,21,1
262924,344265,23,8123,26,0
636245,400899,34,15062,19,1
308935,169912,45,16479,25,1
255383,245912,52,8208,23,1
506062,169261,28,16660,20,1
544798,534645,25,14957,25,1
626340,483706,40,9715,19,1
433050,626409,48,17028,21,0
287915,250728,54,19827,23,1
721720,345010,37,18115,23,1
457408,215807,22,14896,19,1
353566,572030,28,10806,25,0
436135,774753,22,10962,24,0
557614,158336,47,9330,21,1
366938,190403,48,9014,22,1
693196,831956,52,17934,24,0
608423,246985,28,17111,19,1
276711,345731,52,14231,25,0
263131,308513,28,19588,25,0
569553,612084,36,9297,18,0
284467,176407,42,10444,20,1
612006,652955,22,9732,19,0
405974,379874,47,11914,21,1
626253,763140,60,13126,21,0
581640,328511,15,14904,25,1
743039,403112,16,8192,25,1
366524,493346,50,17071,24,0
510209,551180,60,9327,18,0
329239,694527,45,9943,22,0
371561,371165,22,10870,24,1
437214,595103,59,10903,20,0
512840,519370,18,9647,22,0
535512,764001,54,16360,24,0
216051,575763,55,12911,22,0
697474,566445,22,17992,23,1
313318,830692,36,18656,22,0
279554,514224,46,13660,26,0
753875,553758,33,10657,19,1
202622,755704,59,9951,23,0
607079,449471,57,19208,23,1
546792,219741,17,19765,23,1
698690,234763,28,8932,19,1
452348,233679,50,19341,21,1
597986,809433,33,14844,19,0
377820,204587,22,18580,19,1
279528,409596,51,12192,20,0
593409,338996,18,10968,26,1
388673,637510,51,14538,24,0
403037,357539,25,18335,24,1
611161,352700,48,14467,20,1
634727,631075,57,17988,26,1
484842,402833,33,17633,19,1
405077,693702,33,8782,23,0
266008,360412,57,16166,21,0
246177,341497,39,12015,22,0
409936,209002,30,12382,19,1
554530,706309,53,17354,26,0
295035,837923,21,12114,20,0
756866,490375,31,15999,21,1
686981,433471,30,14648,20,1
442333,253090,43,15320,23,1
730336,501109,35,17484,22,1
234166,689751,58,8500,25,0
469241,215314,26,11754,26,1
520553,814835,54,17413,25,0
341552,804292,17,16534,20,0
741243,177867,56,16935,21,1
289752,216191,36,19535,22,1
383055,823782,26,11299,25,0
238865,173107,22,15405,19,1
549595,296973,25,12736,25,1
397296,652207,32,18513,22,0
718338,653364,51,8822,21,1
267000,462176,26,16588,18,0
202878,775055,41,10444,20,0
536542,240997,19,9792,22,1
668906,234831,37,15888,19,1
492459,769335,46,11196,23,0
729257,166028,21,15935,19,1
573993,698130,24,16831,18,0
403769,199584,35,10655,25,1
533605,245671,30,14465,23,1
447785,754069,22,13115,19,0
217722,560209,59,18425,25,0
690904,805301,26,8696,25,0
470500,340104,51,13606,23,1
765607,473948,60,18800,23,1
512694,427393,25,18949,24,1
585928,414112,29,19450,18,1
235489,524949,49,13727,18,0
354644,248342,46,18038,20,1
502469,742917,57,13697,19,0
443199,622181,51,10469,25,0
357060,393011,40,14317,21,0
794098,317467,36,13507,20,1
449554,492311,40,14344,26,0
654486,400481,43,15646,26,1
347430,812512,33,18623,23,0
723296,279613,59,13792,24,1
793181,541713,21,17634,26,1
595304,529018,20,11021,21,1
298088,464078,17,17567,20,0
392952,792734,23,9748,24,0
629853,433464,56,11328,18,1
483539,536374,37,12355,18,0
746931,248506,52,18099,26,1
797790,514956,54,14488,21,1
667541,720441,53,9641,20,0
738608,318537,43,8087,18,1
719467,277395,53,15519,23,1
597326,175042,20,14787,25,1
525559,155942,44,13343,21,1
496496,849123,54,9218,24,0
224604,245366,57,18760,22,0
294670,538588,42,18208,18,0
487002,338599,16,11294,25,1
668237,469389,57,17973,25,1
543963,534782,60,17226,18,1
270302,303985,16,9360,18,0
773168,476656,48,12885,22,1
326168,215804,43,15170,24,1
751912,159829,29,18142,18,1
334626,515267,16,17059,23,0
243242,531394,25,17416,23,0
536529,459939,32,15967,24,1
679936,322229,45,16207,19,1
364684,192006,34,17181,22,1
799218,349893,24,9790,19,1
337871,207154,30,9451,25,1
446602,574707,54,8988,21,0
484127,533484,35,17123,24,0
688478,552758,38,18997,18,1
244565,529951,55,17911,23,0
355461,580752,37,19624,23,0
475827,716850,23,17615,24,0
534922,169701,39,14337,22,1
777632,714683,44,17014,25,1
762248,529367,51,11977,21,1
549907,762427,25,11450,22,0
349147,785957,43,13813,21,0
237556,302290,60,15434,24,0
424087,261370,60,11467,18,1
319699,219475,44,9760,25,1
402424,245052,24,15721,23,1
502715,151786,18,11900,25,1
799458,329116,35,15313,23,1
234498,823206,36,13610,26,0
778677,541394,15,14980,24,1
645462,246530,17,8304,24,1
740313,302434,39,9410,25,1
652325,359561,37,11027,23,1
268488,454902,42,17559,26,0
234896,807260,38,10340,21,0
307915,491128,15,14312,21,0
324485,700003,42,13191,26,0
550561,489619,57,14291,20,1
668875,727237,23,12395,19,0
251484,386723,37,12643,19,0
362707,349503,51,14972,20,1
219887,284400,26,8127,26,0
246093,398415,45,17523,19,0
757670,593353,23,10548,19,1
517683,593966,19,18269,20,0
735814,186183,59,11396,22,1
718811,539916,22,17391,24,1
426847,753645,59,10962,18,0
535148,410290,53,15066,26,1
397794,500913,52,16577,23,0
552779,391168,37,16860,20,1
780983,292311,56,14492,18,1
769359,210168,17,11685,22,1
527773,610191,29,8905,21,0
727509,332997,16,12493,19,1
671229,389893,53,12515,20,1
769470,625705,44,19116,20,1
497499,333136,28,18853,24,1
500992,651751,59,11490,18,0
482492,644447,20,15368,25,0
437036,799101,32,15380,19,0
385354,425246,52,12775,21,0
294592,707743,22,15366,18,0
705573,568235,16,10127,18,1
791681,368574,49,19374,26,1
478909,379390,56,11668,23,1
364419,498176,47,9507,26,0
206514,568965,26,15724,19,0
637435,379239,40,8797,19,1
631304,664515,23,16266,26,0
741428,187046,39,8566,21,1
350913,526183,43,9805,20,0
546957,271307,21,17825,19,1
765446,295576,48,11656,19,1
203046,334630,32,18224,26,0
743418,234458,23,12420,22,1
429300,804703,59,18363,26,0
215314,614081,32,13291,21,0
468182,170584,29,9399,24,1
650313,528570,48,8649,22,1
414844,702302,15,8331,23,0
264437,442083,59,10892,19,0
652288,183227,59,9110,26,1
546179,673174,54,10530,21,0
415754,295783,29,12984,26,1
233551,770369,52,12162,26,0
443730,457537,58,17410,24,0
668782,748642,37,15943,23,0
234793,360630,45,16542,18,0
702852,554420,37,11906,19,1
368931,677730,37,14941,24,0
584251,400730,27,16209,22,1
681397,525680,55,17332,26,1
554853,286325,27,14439,23,1
725790,283793,44,18923,18,1
585399,714342,56,17517,19,0
264720,429228,42,14114,21,0
393063,417504,46,10780,20,0
348802,644886,28,13665,20,0
228090,608725,57,19257,24,0
446995,231465,15,10207,24,1
286295,330604,37,11752,21,0
606826,762528,33,18978,22,0
681296,491988,47,17390,19,1
621152,824480,15,17080,25,0
577407,756477,29,12853,18,0
734342,292230,30,15911,20,1
453279,192860,19,18041,22,1
561323,449787,31,10721,21,1
580299,392857,51,9706,20,1
302130,350303,38,8697,24,0
780919,285360,18,11055,26,1
677642,161230,19,18945,18,1
772349,569029,29,19438,18,1
555557,578527,22,13391,21,0
656407,261983,35,17884,26,1
402102,233931,15,15297,19,1
203973,550111,34,10750,24,0
460316,467819,15,14825,19,0
626031,267865,25,10561,23,1
365496,454682,27,18457,26,0
498638,203016,15,9293,21,1
595674,599724,21,10532,26,0
561128,621584,48,13560,24,0
276750,429898,20,19361,25,0
595695,717101,35,9998,19,0
430468,779959,52,19042,23,0
496301,448027,50,19003,24,1
319273,453761,38,18831,19,0
630604,757823,44,13636,20,0
271833,459405,43,16658,20,0
202048,298187,24,19640,19,0
213082,312841,23,15135,23,0
468072,388859,34,10451,24,1
694604,392563,57,19347,20,1
486655,384176,17,14557,24,1
610853,307937,36,17498,25,1
553296,267658,55,14805,23,1
771492,558377,16,15710,22,1
567041,239437,56,8642,19,1
465865,471268,18,18866,18,0
766024,638881,16,12205,19,1
647650,601241,21,14761,19,1
264532,682115,35,10312,20,0
352437,258618,26,19556,23,1
460107,503283,31,16649,18,0
392375,403807,21,16724,23,0
288645,781583,24,16027,22,0
445203,477005,20,15169,25,0
272748,669770,56,11555,24,0
742661,587111,54,11699,26,1
357546,165746,41,15949,24,1
446625,257781,34,19297,23,1
273982,572040,32,9595,26,0
222029,758680,50,10615,19,0
413429,224239,21,11958,23,1
787547,707736,25,9983,20,1
445329,769850,52,15533,25,0
715281,497071,46,11624,24,1
644482,466630,15,14002,22,1
744640,609648,31,19031,23,1
566164,190532,60,9081,26,1
220934,613921,44,18777,19,0
628146,398164,42,16487,26,1
313074,380829,43,14743,24,0
633447,632995,49,14567,23,1
567803,487333,37,18829,22,1
795751,842740,20,9414,23,0
695802,185963,31,9239,20,1
431797,505612,47,8223,24,0
497648,210698,45,12537,26,1
215228,221681,56,10123,23,0
692900,278432,59,12001,20,1
470471,353217,32,15796,22,1
402229,346071,42,18238,22,1
759707,319582,19,8720,20,1
441912,446128,31,15303,25,0
700108,189015,24,18004,21,1
300287,848674,38,17832,25,0
242374,370906,24,12702,26,0
588272,498009,29,9396,24,1
301916,551108,55,11730,23,0
782898,474261,29,18534,22,1
466090,702326,39,14110,21,0
441496,186852,46,12627,21,1
232135,402719,53,19591,26,0
669879,321033,15,11609,22,1
411831,814508,28,15807,23,0
381372,233517,50,14117,25,1
467660,389886,16,12961,21,1
487170,581633,59,14269,26,0
311193,782975,47,15430,18,0
349246,430660,46,13455,20,0
337419,707900,45,11314,19,0
651740,587789,23,11051,19,1
787519,736045,45,9625,25,1
619915,243332,32,17396,25,1
530996,641883,56,17446,22,0
653036,287820,41,19467,23,1
212843,254042,23,18360,18,0
359141,442619,41,16972,26,0
757102,282585,46,8426,20,1
670525,473151,35,13757,25,1
626941,300155,36,12765,20,1
306984,712779,40,16893,26,0
402240,630144,54,17421,20,0
252856,337218,31,8242,19,0
208651,783283,40,12406,26,0
370256,188054,28,11304,19,1
390118,452024,60,18920,20,0
741505,233497,27,10396,26,1
480976,176678,59,8131,23,1
502970,269797,25,9246,23,1
512643,260831,42,8203,25,1
474551,516955,49,14412,18,0
689705,207671,58,9238,26,1
387011,273878,32,17668,24,1
765795,524906,55,14215,24,1
509198,596272,21,10850,19,0
522283,589742,23,8024,24,0
539243,767884,35,19322,21,0
229264,586256,34,18641,26,0
237907,278522,18,12466,20,0
420892,340528,22,11348,25,1
570963,540450,25,16988,24,1
308313,313088,59,9522,23,0
235219,250665,38,18012,25,0
261724,196877,50,16320,20,1
568099,808323,32,8313,22,0
601990,384528,39,19988,20,1
600345,517047,48,12876,25,1
708361,694705,43,10210,22,1
727305,598839,43,17552,23,1
756145,796908,41,16307,23,0
220708,344611,58,12053,19,0
341998,659130,39,8983,19,0
267772,766962,53,9697,22,0
493778,723069,20,14756,20,0
246915,644036,52,19796,23,0
587154,686050,38,16879,20,0
568998,502403,19,9160,21,1
589137,711812,22,11254,18,0
589101,832322,45,9388,24,0
654038,443770,44,18043,22,1
687326,808614,25,15606,25,0
749437,177967,54,15220,18,1
684032,305737,16,11605,26,1
718717,646512,25,16024,24,1
649076,360894,56,16978,20,1
624722,538705,25,9890,19,1
758947,417235,42,8700,22,1
746775,742143,37,13304,23,1
745019,806915,52,15112,26,0
264394,836883,36,16042,19,0
431928,608110,25,11057,24,0
383000,251550,56,19880,25,1
251752,543359,54,11736,22,0
345824,229705,55,17815,18,1
324842,766201,29,14974,26,0
482720,705968,29,11462,24,0
355363,548493,29,10737,21,0
407835,434506,48,19028,20,0
465448,192628,31,8232,18,1
383825,593391,27,17288,26,0
335770,759137,50,18326,19,0
210827,662384,16,19458,26,0
407220,548023,18,18008,26,0
260385,264949,55,11773,22,0
535604,497813,38,14005,21,1
617736,828461,60,10436,22,0
316160,402509,50,17785,23,0
526493,257346,15,16848,23,1
684512,206426,29,12374,25,1
238958,651946,23,12895,23,0
318009,734915,20,14983,20,0
318629,765050,38,19890,20,0
480459,641826,34,18569,18,0
591620,676837,28,12580,21,0
229316,404635,15,19415,23,0
560192,206729,43,12445,18,1
776506,530781,44,14632,19,1
322132,644866,20,19817,19,0
653834,277494,46,13293,25,1
308923,368515,52,18864,25,0
574030,197447,16,12555,26,1
235640,326061,26,8015,25,0
498075,768922,20,17033,23,0
351780,526297,27,19723,21,0
721593,605523,17,10300,24,1
798670,817946,34,16159,19,0
779778,427008,22,15255,26,1
581188,220181,53,18303,23,1
655982,750173,45,14138,18,0
330205,385733,23,10827,18,0
278762,441598,52,9690,24,0
318284,301631,53,15794,22,1
384435,488237,26,16280,24,0
711711,829662,49,16208,18,0
477398,393961,51,11333,23,1
301911,208310,17,17682,24,1
409271,304294,55,11679,24,1
344881,849645,54,16237,19,0
321942,837768,27,10899,23,0
490441,577820,24,16081,21,0
254169,264876,42,14584,18,0
743145,189920,17,11555,25,1
556730,645717,36,11471,25,0
591196,565813,56,8588,18,1
739829,781901,23,17700,20,0
308201,721611,21,18574,18,0
352419,817789,29,9751,18,0
399139,281685,36,9167,19,1
601740,528266,33,12938,19,1
254308,189296,60,10168,22,1
569228,288089,41,13476,23,1
661808,677860,59,9084,19,0
623891,405448,43,8665,26,1
707706,376260,49,18132,19,1
207183,214728,45,9359,26,0
547624,675611,44,9365,21,0
526493,795394,55,8386,25,0
456279,443287,38,9815,26,1
632918,628769,40,17057,18,1
588767,223500,47,16392,25,1
697908,284987,41,8199,18,1
332615,493866,29,10445,23,0
276280,215514,32,8279,23,1
567866,619105,41,12661,24,0
751568,382431,36,14679,24,1
611475,835695,21,18702,20,0
391068,231435,24,16429,20,1
249822,469850,43,15784,19,0
653875,470216,24,17225,24,1
329798,551437,34,15346,26,0
264784,278694,52,16330,23,0
337434,164443,22,11748,21,1
585221,727096,23,10961,24,0
699649,222559,45,15289,23,1
766617,765661,25,9296,22,1
205646,611502,21,13860,20,0
697656,633594,35,8914,18,1
784916,843218,35,14856,26,0
611247,714450,26,10148,24,0
426008,761811,53,14459,24,0
365952,191914,22,15823,24,1
700414,498684,32,10228,23,1
570187,289155,24,14604,24,1
739429,552574,41,14410,23,1
314617,354273,21,14604,18,0
566980,529874,56,19814,24,1
332452,701652,36,10522,21,0
256566,259746,35,15945,25,0
333227,234021,51,11347,19,1
201224,190692,23,19661,18,1
262793,362855,42,10146,22,0
522969,162001,35,8662,25,1
688057,404239,36,11309,24,1
506681,508863,42,10695,21,0
473022,258833,43,14770,22,1
692288,432253,40,19299,23,1
396260,330391,59,11564,25,1
440945,382986,51,19977,22,1
760538,469925,53,15487,21,1
499174,692438,28,19195,21,0
251630,744296,31,19863,22,0
510577,492403,54,14064,20,1
234769,290895,41,19044,25,0
362210,625543,33,10998,25,0
530996,180308,49,13291,18,1
325296,743295,47,10190,26,0
674784,198257,45,18651,18,1
529123,538150,42,16004,24,0
501716,241146,19,15862,21,1
476157,453214,21,12349,19,1
384428,519439,19,9975,24,0
558379,186240,51,8058,23,1
754821,760158,20,15428,19,0
746197,552460,38,8090,26,1
399492,192707,60,13874,20,1
434357,406314,58,11912,21,1
212965,583892,33,14332,20,0
682596,194587,54,9753,20,1
447505,845310,46,14718,23,0
353852,584152,42,14158,26,0
338939,799601,16,8466,23,0
621659,620655,20,10737,21,1
321536,810926,20,14610,25,0
622862,765507,28,11216,26,0
693348,302857,52,13663,21,1
676656,618634,42,11875,23,1
237840,430047,58,16388,23,0
607395,530371,49,14005,26,1
731635,788902,41,16851,25,0
278127,431076,33,8220,26,0
718404,505500,15,16911,23,1
571096,681287,60,17536,21,0
305961,798451,60,19872,26,0
284189,500643,21,12604,20,0
727880,477620,56,19486,24,1
540596,612614,26,10487,18,0
767375,332544,57,13640,24,1
522391,828931,26,17809,24,0
585587,537510,30,17060,25,1
521276,761872,32,19988,26,0
589098,636669,49,10442,19,0
435680,366790,38,17551,22,1
201066,441374,53,8299,19,0
633841,182952,38,9335,23,1
610314,384153,47,11131,21,1
205716,489651,44,15535,21,0
700089,312687,15,15481,24,1
517993,729244,24,14209,23,0
448236,240420,54,15393,20,1
666550,672147,18,14165,20,0
294608,709361,31,11249,24,0
653332,484923,46,13146,19,1
407005,206321,35,17543,21,1
560655,333401,36,12218,21,1
641005,241795,42,13408,19,1
295118,755764,43,13281,25,0
420338,684016,37,16100,19,0
351449,378697,30,11648,24,0
434279,170849,41,11407,26,1
664569,683705,50,8870,25,0
480152,154225,51,18820,25,1
659910,559313,47,10955,25,1
768466,609084,17,18121,26,1
737250,584112,23,12896,24,1
551168,239771,18,10563,25,1
608460,593571,60,12808,21,1
385073,715116,60,16636,24,0
569435,308378,57,17483,22,1
588448,618111,39,15706,23,0
354419,293257,18,15626,23,1
430993,766444,55,12925,22,0
728450,272322,15,8616,18,1
441019,330899,56,11639,24,1
420413,166007,43,8025,23,1
256435,153116,41,19376,23,1
415879,408987,56,11697,18,1
641293,562398,49,12697,21,1
739203,295819,17,9519,21,1
359734,720500,31,11701,21,0
308188,367106,35,19969,24,0
656018,352700,20,8970,20,1
236301,743824,48,9650,23,0
245356,368621,48,12899,21,0
610733,327681,32,13135,18,1
525152,772974,57,19980,20,0
419299,726752,17,9900,26,0
214437,388508,57,8119,18,0
247304,734622,22,12296,22,0
219416,438979,60,14921,26,0
212767,745103,28,16189,21,0
643311,201874,21,16686,21,1
729424,495281,30,13237,26,1
390308,319093,47,12613,18,1
389337,420217,35,11086,19,0
589069,394561,38,15778,22,1
498578,281807,38,10492,23,1
390113,834508,38,14044,18,0
646089,592664,24,19276,23,1
410309,277676,21,8053,24,1
213987,537609,26,19772,26,0
788200,496085,50,19723,26,1
522372,255094,48,18015,23,1
660414,332505,17,15877,23,1
366077,159732,34,15509,19,1
547916,762623,37,17140,18,0
216140,659812,45,8560,23,0
507417,642350,29,11200,24,0
289789,424002,34,9480,26,0
627154,192478,31,9048,19,1
408439,156155,32,9626,26,1
448072,649800,32,14586,22,0
561982,681544,48,16655,22,0
279396,650165,60,13179,24,0
439577,425221,48,16018,21,1
504712,737074,27,15928,24,0
728190,463528,60,17082,26,1
235458,546780,24,14166,22,0
750868,822604,47,16804,22,0
327583,423138,16,19925,23,0
259781,382132,23,13980,18,0
275212,272309,41,19048,21,1
439932,690742,50,9819,21,0
470296,540700,20,8593,18,0
511522,350884,41,8604,24,1
275951,751780,16,17328,25,0
538705,495253,55,17915,23,1
316102,721847,22,16086,20,0
357200,235457,59,17798,19,1
361369,374072,21,10574,19,0
638176,610926,38,15238,22,1
644468,329153,34,8588,23,1
258709,766941,47,19967,23,0
269431,501229,25,16127,26,0
218346,606933,29,17032,22,0
422522,392758,47,19453,20,1
475550,419906,47,13635,23,1
596060,225791,38,19263,18,1
577180,335943,51,9772,19,1
755355,186942,55,12395,21,1
791412,217509,48,18434,19,1
619520,208583,24,15090,20,1
593350,374150,27,14183,24,1
303957,743540,53,16048,21,0
473088,577827,50,18365,22,0
472268,388281,40,11922,18,1
799661,563299,36,9672,23,1
479225,782970,16,14256,20,0
449931,444482,46,11037,22,1
412998,490059,44,14598,23,0
665472,774491,56,8365,26,0
637393,547016,41,16389,26,1
458106,403581,36,11079,18,1
470050,272098,22,10185,22,1
669719,404486,59,19653,18,1
528445,172073,36,16971,19,1
463789,707530,22,17349,21,0
560195,410921,17,14821,22,1
223679,664888,42,12427,26,0
221480,462015,16,8179,26,0
447209,181941,28,16378,22,1
472456,322589,54,19052,21,1
423922,636550,18,11008,23,0
255056,334111,51,16817,18,0
620813,428118,45,13633,22,1
715481,837537,60,15333,21,0
554031,529513,41,13031,26,1
219167,306942,50,10799,23,0
702298,190892,17,13306,25,1
289943,173847,49,9441,23,1
546140,632895,47,16261,19,0
683406,794043,15,19053,26,0
311004,323999,17,13899,26,0
281189,670310,50,17917,18,0
250526,540857,15,9292,19,0
480717,552674,24,8330,25,0
686338,786171,46,17876,20,0
511180,297878,42,8929,24,1
375374,829936,36,19252,21,0
324859,513963,34,18617,26,0
452867,291537,16,16454,21,1
234910,617331,51,16121,19,0
337432,425801,35,16563,23,0
339009,402077,52,16257,25,0
574418,179414,18,8207,24,1
216562,390643,35,10635,25,0
415732,638219,36,9930,18,0
733882,207100,19,19464,22,1
506107,549602,21,17776,21,0
461511,769525,33,13760,24,0
350882,157172,55,11070,24,1
233477,673654,21,13075,22,0
512077,530245,47,10007,22,0
639746,771925,54,9501,19,0
218636,574161,53,8475,18,0
699698,332147,60,10623,19,1
447949,568163,51,17453,24,0
794339,184031,42,12886,24,1
429462,577832,55,9429,18,0
591490,614934,51,15501,25,0
681224,508313,38,11566,23,1
676126,349393,55,17362,26,1
750930,436387,37,19705,25,1
596132,485944,17,19664,22,1
464368,226219,39,16038,25,1
457477,252256,19,14957,19,1
724593,715198,60,18598,23,1
747971,474457,56,16359,21,1
597946,209093,42,10698,22,1
228536,350660,57,12795,24,0
786217,301004,16,17907,18,1
358721,480628,19,9107,23,0
310514,832441,57,12568,23,0
230214,427117,28,18983,26,0
318539,799608,17,13304,22,0
772040,667316,15,14521,21,1
365942,789676,43,9162,24,0
717894,798227,39,9619,24,0
679726,251686,52,9034,23,1
544365,591170,53,16111,19,0
649743,465281,44,19692,18,1
556756,675204,22,8136,21,0
523688,435784,41,18991,26,1
426160,668214,52,11436,20,0
707167,435639,40,15226,22,1
454174,274451,36,17789,24,1
699331,227283,43,18394,21,1
394862,645952,38,8786,25,0
240367,456199,57,9585,26,0
555145,257850,19,9840,23,1
530463,268798,28,13035,21,1
667296,150257,15,13236,25,1
631027,803360,54,19218,23,0
321085,648740,59,14555,23,0
484040,459827,20,15935,26,1
260123,665997,41,8507,25,0
407162,837562,60,11151,20,0
641845,166717,60,14198,23,1
233561,195904,36,16884,22,1
412489,537891,46,17911,21,0
495978,502918,44,11055,19,0
749077,334710,33,10829,19,1
746354,473848,40,10175,19,1
350218,580740,20,19726,24,0
244891,424761,51,13615,22,0
728161,765410,43,17231,24,0
308932,493967,31,12755,25,0
384467,392203,51,12205,21,0
447171,742210,15,14347,26,0
684152,169289,48,11409,25,1
238814,533648,27,9029,20,0
381570,832974,20,19106,18,0
345658,675211,58,8355,22,0
599199,321682,52,14357,23,1
746934,699676,25,9013,23,1
325808,623380,58,19817,24,0
467384,314505,45,12073,23,1
347907,385782,34,9872,26,0
415937,776023,24,18434,24,0
750846,367345,30,14487,21,1
744120,153672,53,14666,22,1
457745,744910,59,18768,24,0
601563,278736,51,8664,25,1
207577,446890,48,10751,19,0
439511,744428,24,8312,19,0
568175,809139,29,8840,19,0
520437,319055,26,10760,25,1
633816,534839,24,18799,21,1
503475,261006,32,17149,18,1
595834,785123,34,8873,20,0
526284,167325,57,19706,23,1
574934,597867,51,19541,21,0
730545,756517,32,18582,19,0
462679,294053,31,18095,22,1
449877,844193,17,16867,21,0
655623,456434,20,19101,19,1
568445,765228,56,9366,26,0
610844,396537,48,18647,24,1
394778,829636,32,15603,26,0
218520,448464,23,15192,21,0
354146,511447,36,19529,23,0
290034,491717,59,14012,20,0
594383,226653,36,15764,25,1
514996,629149,28,13023,26,0
606173,698768,53,17262,21,0
600259,284209,36,9458,25,1
528052,473855,33,18146,21,1
596096,756363,45,11793,24,0
457454,529955,46,10858,20,0
416588,664371,46,19934,23,0
616829,276525,49,14672,20,1
265448,653704,26,19362,20,0
298737,390665,22,10145,26,0
549571,388755,56,9973,21,1
427696,250270,54,16164,21,1
259822,591232,35,9803,23,0
511770,264120,44,17969,20,1
293461,392638,20,15460,18,0
367406,794247,42,9784,25,0
583921,153525,58,10017,24,1
461854,604546,54,15666,18,0
422163,288873,25,8707,21,1
265831,791763,51,16301,25,0
652938,167493,27,12728,25,1
707722,193188,32,9185,24,1
712657,610707,19,11920,23,1
578715,210051,17,13860,23,1
398913,512738,22,14084,19,0
438918,737348,26,16789,22,0
406349,264577,33,18953,19,1
756531,616239,50,14815,25,1
720880,560237,31,17708,20,1
243129,663474,34,9755,24,0
271900,238967,22,10628,24,1
643288,336134,25,16131,20,1
762387,661213,22,17963,22,1
569906,325235,47,16511,22,1
427109,324930,59,19912,18,1
545410,190096,34,15565,18,1
593716,335120,60,18415,22,1
403412,676743,60,12609,24,0
260296,684177,38,19433,26,0
266181,207058,25,18967,25,1
754091,456586,24,10408,22,1
275845,586884,43,15330,19,0
277823,190886,59,16292,20,1
205854,178464,44,15903,24,1
437239,656937,17,12566,19,0
357523,705492,59,9448,20,0
796753,273304,60,9422,25,1
226795,332617,41,14578,18,0
602216,330960,42,10993,23,1
560016,415526,60,10848,19,1
736828,200849,34,12826,22,1
568911,723913,17,16623,19,0
634130,302253,23,15261,26,1
244332,260347,33,14826,19,0
770870,804973,30,9135,22,0
643214,530817,46,10731,22,1
231010,710745,41,18485,19,0
248339,418771,55,14148,22,0
776336,461238,36,8904,21,1
546547,719964,16,18646,24,0
215820,456288,47,9605,23,0
434916,269818,58,14218,20,1
361097,550496,27,16783,21,0
222691,463764,31,12628,18,0
397236,543451,18,8065,18,0
325970,286392,55,15631,20,1
581441,821589,29,9943,23,0
669249,431428,29,18030,21,1
695122,164495,24,10263,21,1
298585,306117,35,10657,26,0
523177,339145,32,11439,23,1
508619,733696,29,16511,23,0
288283,229637,23,17420,25,1
644504,774760,26,17336,19,0
380575,641917,21,16163,18,0
753187,548829,54,11285,20,1
301661,220956,53,14960,19,1
645953,625634,29,11706,19,1
609347,439137,48,18979,26,1
545815,439868,24,15893,20,1
495626,373721,51,12364,26,1
406212,793951,31,11366,24,0
728907,508439,54,12704,23,1
511912,694483,37,18150,26,0
680176,225054,20,16285,20,1
357925,842164,17,12448,18,0
601874,713890,53,15445,23,0
564144,769413,20,15503,26,0
596766,541748,27,17658,20,1
457932,502995,15,13757,26,0
280711,712145,16,14736,22,0
420470,556351,52,15284,25,0
375591,805939,40,16929,23,0
782506,626865,56,18651,26,1
337723,567088,57,11593,21,0
736833,632506,15,17837,21,1
541661,602619,32,17369,21,0
548523,481401,33,15970,26,1
304014,546276,59,14477,18,0
316794,312542,31,13735,23,1
438634,250646,43,13777,22,1
358338,311586,50,8055,21,1
208414,800549,56,12720,20,0
707143,821054,16,19419,21,0
620218,609665,45,15920,21,1
611473,159519,18,8335,19,1
336723,178793,50,17626,25,1
499079,478198,40,11726,26,1
751264,574532,48,14825,22,1
362509,479964,52,14536,22,0
200766,685278,36,13991,26,0
736494,695398,60,11267,25,1
654489,818738,27,18000,25,0
416783,794563,38,18903,18,0
368873,431917,59,16900,24,0
534230,560197,51,13531,25,0
323661,312985,48,16350,26,1
776598,411295,55,19547,22,1
203077,533841,25,16636,23,0
619535,167461,29,12166,26,1
517756,655642,43,9810,25,0
568174,173311,36,18316,20,1
633279,509927,59,12643,26,1
716239,302637,44,8979,25,1
329898,282683,30,8180,21,1
718453,446519,36,18593,21,1
289972,495001,57,17747,25,0
461741,419400,47,10594,21,1
572718,178576,30,10393,19,1
278574,752252,58,18418,23,0
743742,609680,54,14240,19,1
641379,668457,15,19740,21,0
787784,477384,22,13925,24,1
341776,292509,29,15860,23,1
757211,636984,25,12854,19,1
631068,427891,52,16912,20,1
223692,513959,51,9537,26,0
461000,279249,18,9849,26,1
470186,312113,39,14943,20,1
580531,209709,58,13386,18,1
340205,633492,26,14219,20,0
281194,179963,15,14095,25,1
420013,634994,37,19290,23,0
751436,688745,39,19098,20,1
778924,495107,27,9960,20,1
744150,678755,25,19415,20,1
595080,432787,48,10941,20,1
687382,635865,53,16502,19,1
689081,676301,46,12008,25,1
561476,399439,21,11946,25,1
669734,404964,31,17852,18,1
429660,779659,48,9285,18,0
719032,304413,59,9959,25,1
526737,525986,32,13323,22,1
526198,395683,20,15563,26,1
623289,645480,41,8063,21,0
582240,514693,37,14954,24,1
747110,453272,31,14216,22,1
249848,604481,15,11987,23,0
563913,430072,34,14620,23,1
257016,797318,53,9549,24,0
364356,457803,42,11235,22,0
700244,518199,17,14997,23,1
530255,750641,48,8251,22,0
521806,315871,48,17871,18,1
695245,304107,29,10975,20,1
743186,271960,32,13961,20,1
481367,311573,28,12238,20,1
282597,527387,56,19892,22,0
383827,538600,42,19869,23,0
359046,369342,45,13873,22,0
493932,756677,22,18878,26,0
621036,152999,36,16019,18,1
600174,168673,55,9204,19,1
414891,223541,27,9614,22,1
449259,612469,59,8271,23,0
541119,710613,58,14645,19,0
797751,565838,35,13091,25,1
514237,318102,56,19323,25,1
631438,555504,16,19543,26,1
339630,508307,36,18187,19,0
367711,382219,21,16886,20,0
690075,353536,37,12538,23,1
556295,266686,37,12903,24,1
604867,311445,31,12889,24,1
720663,262349,32,9244,25,1
488559,668509,51,14692,24,0
768093,579223,45,8705,19,1
596591,723698,47,17779,26,0
664325,607232,48,10378,20,1
745850,312424,29,10260,23,1
613481,570340,23,10955,20,1
325824,657484,52,9573,26,0
503557,526098,27,16556,21,0
713392,597150,27,14192,24,1
466731,600098,22,16465,19,0
525913,378050,30,18446,26,1
650635,529647,30,8537,20,1
257048,470076,21,16154,23,0
620192,262186,56,19708,23,1
241386,822205,22,16113,23,0
643876,418237,38,9701,19,1
311615,402154,57,13643,24,0
443437,747495,25,18806,23,0
644908,387968,20,14396,23,1
777471,188683,56,18414,25,1
602122,256830,20,17909,24,1
764080,150266,31,10824,20,1
747855,259422,23,8304,19,1
407501,793749,17,14359,21,0
747194,697392,17,17449,23,1
571495,742229,43,14459,24,0
715788,670654,45,19431,25,1
389437,317654,19,8655,25,1
317645,704754,46,9475,18,0
565040,496920,31,9503,25,1
461028,315400,32,18519,25,1
745433,215846,15,11388,26,1
302377,575456,26,19855,20,0
731727,695500,26,10546,23,1
408182,322960,15,17305,20,1
411457,611741,56,12202,26,0
309984,793682,44,13719,26,0
226621,272638,22,9725,23,0
533732,481426,55,9913,18,1
323151,254008,38,12235,20,1
527850,585498,39,8813,23,0
762575,740379,60,14244,23,1
563120,175505,41,8557,24,1
583747,792192,52,8459,20,0
305187,549536,41,15291,19,0
513622,638309,45,14031,19,0
788099,277048,18,8522,24,1
396895,798737,34,10938,23,0
472560,688489,39,16508,19,0
545967,224124,39,13035,24,1
678962,290001,28,19437,20,1
255154,812439,58,9440,25,0
214318,528333,27,19458,23,0
225230,299999,31,16579,20,0
249351,442313,17,16200,21,0
537744,191042,49,8625,24,1
282153,485331,16,19991,26,0
588128,295188,29,10011,24,1
476637,834674,49,9139,26,0
591082,310100,40,15098,20,1
420753,389022,31,16155,23,1
434780,674926,33,19311,22,0
536528,330706,50,17862,25,1
722962,703338,35,11260,20,1
633183,251193,36,10243,19,1
395838,341644,43,16350,26,1
744808,709398,18,8776,23,1
289587,412355,35,18328,19,0
338213,781417,55,9646,22,0
544117,190803,41,12347,23,1
647611,225090,46,12015,19,1
565544,287053,44,17099,20,1
573379,750554,57,15102,18,0
726299,781394,46,12687,20,0
748608,834352,45,8937,19,0
338309,235818,27,19000,21,1
542157,707825,40,10592,21,0
777957,202737,49,8056,18,1
626298,535301,40,17985,23,1
494762,555345,32,17584,23,0
460268,625790,32,10716,23,0
460290,740766,58,14095,24,0
691242,305274,39,10525,21,1
798587,333149,18,8083,20,1
762400,163360,59,14405,18,1
781461,191113,56,18001,18,1
573577,666334,25,19675,22,0
222227,783577,60,14961,26,0
652304,595272,50,16740,26,1
419754,590486,32,18157,20,0
540150,565300,28,11371,21,0
222176,492729,55,12428,25,0
292140,189067,28,11395,22,1
541547,450522,58,17243,26,1
515230,518296,17,19151,23,0
290577,564991,20,10632,25,0
562634,812937,59,16709,26,0
659215,523957,57,18812,26,1
583777,339040,26,15257,24,1
300087,721394,40,18858,23,0
239626,585252,42,16767,19,0
782385,794796,35,10290,23,0
714596,302945,36,11545,18,1
771697,452692,53,17361,20,1
519998,452741,29,12187,19,1
708718,321103,21,10886,23,1
634503,399758,18,17235,20,1
774623,706001,17,16082,25,1
786807,169061,56,15095,21,1
378387,280965,60,13759,18,1
733046,239088,36,9372,19,1
287902,673820,60,9463,23,0
353074,570473,36,13662,22,0
613289,497856,33,18716,24,1
716293,514017,33,9832,21,1
537174,772730,59,14096,19,0
518281,313871,20,13988,23,1
681209,382172,57,11867,20,1
583572,421183,19,18203,21,1
738306,525411,19,14236,21,1
304964,731823,58,12301,23,0
691646,782737,48,19794,24,0
767863,218721,53,13241,18,1
673579,598112,60,10867,24,1
587323,529402,15,14334,24,1
660323,725801,19,19966,22,0
236415,270128,34,9327,25,0
246567,386370,39,15543,20,0
375878,234212,45,9849,20,1
507918,510959,46,18219,26,0
365509,356764,59,8192,19,1
200059,708700,40,17322,19,0
230847,443543,60,15334,25,0
355337,213064,47,8166,21,1
600526,715744,26,16257,23,0
673125,758397,18,17046,20,0
584996,416833,31,19532,19,1
213235,426338,33,17965,26,0
554302,180541,56,17136,20,1
329166,422454,22,9136,24,0
555303,821386,47,15460,20,0
713137,254485,44,13982,19,1
634385,701668,45,12822,21,0
711941,305991,54,9052,22,1
655119,623483,19,10371,24,1
799858,844742,44,13016,25,0
207039,699693,51,15347,19,0
768475,277912,28,18404,21,1
520262,224632,38,18287,24,1
535277,264417,42,10818,23,1
679370,589140,32,14139,25,1
628141,827139,18,19846,23,0
690766,668710,25,13690,23,1
374653,528671,38,17099,18,0
407235,406598,31,19104,24,1
412545,480923,49,16875,22,0
447769,747682,46,12367,24,0
339574,801941,56,8592,18,0
457092,430522,51,16505,23,1
553892,408809,20,8583,23,1
499338,376121,44,17056,26,1
499595,516572,28,13112,26,0
736234,394699,29,8589,24,1
556964,802656,54,15375,19,0
446653,150005,54,13402,21,1
514926,323392,20,8726,26,1
478700,462651,57,16558,20,1
706367,774643,31,17758,24,0
667843,313009,54,17543,21,1
528617,621736,42,11795,21,0
625179,360053,46,18940,22,1
296236,474906,39,16543,20,0
742302,276321,58,16651,19,1
427239,434040,35,14711,20,0
408941,292522,57,14450,23,1
607808,708587,15,13818,21,0
455695,493754,43,14210,21,0
207703,578932,18,8396,21,0
449318,768095,45,15889,22,0
394397,284181,35,11545,21,1
295992,774192,29,11989,23,0
634849,179404,42,19041,18,1
292619,430436,31,9129,23,0
543647,221054,15,16065,20,1
387314,230865,19,19388,24,1
644210,332629,53,12881,22,1
749224,644157,31,18729,22,1
643295,767420,44,12666,21,0
588826,495943,59,9692,23,1
275232,210063,44,18608,26,1
384771,432890,20,19591,20,0
513865,264436,33,11046,25,1
234133,844176,58,10035,22,0
445983,387105,17,18595,23,1
660812,401638,50,16365,20,1
561013,325116,40,12818,20,1
230845,355976,57,16042,24,0
543521,665296,22,13366,22,0
431969,557934,33,18712,26,0
255783,682793,16,16831,19,0
738435,759802,60,18790,21,0
659222,789573,33,17709,20,0
448851,391224,56,16835,22,1
474801,812082,31,12124,24,0
201479,387337,22,15684,24,0
572416,341078,38,16271,23,1
434215,246779,46,16991,24,1
706044,555300,51,8697,18,1
774442,598300,42,18408,18,1
776417,723470,52,8806,21,1
351636,420500,16,19805,25,0
427072,606738,58,17536,19,0
449344,502703,37,19230,25,0
673739,747456,58,19831,25,0
660760,511585,17,13530,24,1
788718,773117,47,15615,24,1
521133,425083,57,10884,24,1
672540,580377,44,8770,24,1
754758,213799,57,18986,20,1
534349,189228,28,11864,24,1
415590,301108,53,13782,22,1
348380,418114,54,12063,21,0
263319,374511,31,18696,22,0
676570,494773,45,12290,19,1
710346,804327,49,17719,22,0
426779,552422,18,18353,26,0
623222,364386,42,17976,23,1
560207,391205,48,11886,20,1
777916,567162,19,14448,25,1
442030,635772,57,11530,20,0
408248,641777,25,12585,19,0
557639,269391,18,10991,22,1
772774,762593,34,9194,19,1
576296,582811,27,18816,21,0
389747,185651,36,15756,24,1
574242,340845,55,14449,19,1
794092,670475,21,17591,19,1
690992,656329,15,10542,25,1
665066,796138,49,17320,26,0
661794,384184,57,9484,18,1
325668,578167,15,18230,22,0
416271,366886,32,8609,24,1
322275,552062,51,9595,26,0
532937,517666,51,14717,19,1
790265,738431,24,8316,20,1
736228,390123,16,15606,21,1
292100,619415,25,10448,19,0
531819,395996,23,11300,23,1
796809,257428,44,13790,21,1
338928,295322,49,16607,25,1
366430,230171,51,17648,18,1
708516,204127,44,15727,25,1
552009,192060,25,14313,19,1
414607,397459,24,8597,18,1
505353,335447,47,9429,23,1
747556,596398,20,11394,21,1
631118,658006,50,19409,20,0
789133,752035,51,17985,19,1
775852,341072,47,11620,26,1
356545,470277,39,16443,24,0
318720,216804,56,18303,19,1
549584,640521,54,15617,23,0
513398,488835,23,19819,24,1
707821,186908,25,11935,21,1
458629,423174,37,17921,23,1
418528,835206,54,9885,25,0
656106,412798,60,13838,25,1
743979,661894,31,16231,18,1
391715,278548,23,16267,20,1
201352,751647,47,13995,23,0
231454,805331,26,12999,19,0
597217,559394,50,19866,26,1
588377,602652,30,11072,18,0
225551,676234,40,11039,22,0
267981,724259,36,17942,21,0
387194,309783,34,19179,22,1
442770,369416,33,12382,19,1
736747,234064,36,14341,24,1
413055,840743,18,8540,20,0
556474,643094,41,15469,23,0
600889,316959,46,10972,22,1
258122,185128,22,15731,19,1
352837,233783,57,16641,19,1
664506,323216,55,18359,22,1
744499,842130,57,15515,21,0
654751,608956,26,8246,22,1
673758,666501,23,8367,25,1
441322,253999,32,16284,19,1
614071,427656,32,15103,18,1
536308,755984,26,16147,22,0
240889,608459,29,15785,23,0
286372,419488,31,12316,24,0
498929,761927,24,20000,23,0
361463,416784,17,11395,21,0
203900,741394,49,17604,19,0
241420,459276,15,18097,23,0
438646,587161,54,11195,25,0
638700,181830,50,17967,20,1
584028,269358,50,16901,20,1
792829,764249,38,8355,21,1
471349,799283,44,17913,22,0
397231,198129,17,8644,25,1
597569,516280,43,14488,22,1
608335,163538,32,17998,25,1
281140,239581,54,15891,21,1
491417,232599,57,11515,26,1
759281,535919,23,9597,19,1
696671,426129,33,14393,26,1
579842,517902,35,17745,24,1
271728,403427,44,12626,26,0
569274,455596,22,12419,24,1
251616,169545,60,9299,24,1
410377,426437,35,14244,20,0
351943,311044,26,9299,26,1
576502,663801,59,19415,24,0
703561,642887,48,18406,24,1
555405,647109,15,11204,20,0
785440,792631,29,8303,23,0
737505,208904,39,14702,18,1
545583,365941,15,18378,25,1
291762,634077,59,15533,25,0
263189,730981,45,19655,23,0
734296,297805,28,17677,24,1
700371,512145,28,17230,22,1
340405,181158,43,9902,26,1
300809,743154,55,19741,18,0
472502,782380,21,16917,18,0
610133,218177,39,9849,23,1
530435,257496,38,19277,26,1
767501,425281,40,13008,19,1
473495,439425,32,8702,26,1
207665,184330,38,8833,19,1
590768,366327,26,17829,26,1
438651,381314,23,17028,19,1
781919,425549,41,11779,22,1
417412,284273,31,8476,24,1
304217,737605,37,14679,19,0
240113,596184,32,9413,18,0
408627,393676,57,11094,22,1
651923,523745,55,12824,18,1
534994,196027,26,14175,18,1
771666,824757,54,9459,25,0
697460,611160,36,12676,19,1
581651,265927,48,15130,24,1
278984,362315,60,12368,24,0
724637,559604,44,16495,26,1
732965,640119,53,13295,23,1
622356,673561,42,9713,18,0
476500,763499,23,9850,18,0
509045,584840,42,11932,22,0
616320,422645,23,18427,22,1
540136,202753,25,13670,21,1
778004,340494,18,14075,19,1
368933,569807,33,15632,19,0
429535,572444,24,16768,24,0
576976,456055,19,8757,18,1
713722,617344,36,11400,26,1
768899,480577,54,10614,19,1
593482,677047,22,10313,18,0
731998,523226,26,17377,23,1
357503,411390,59,19882,24,0
641387,576494,45,19585,22,1
269687,386174,56,12745,18,0
462540,291164,51,11236,20,1
213812,176759,32,17744,23,1
546013,753647,42,15387,22,0
376106,417589,24,14308,23,0
623340,258068,31,11597,21,1
570346,620857,22,15828,19,0
457016,735879,54,8304,22,0
322959,547362,34,8003,26,0
239032,253869,59,15621,25,0
319071,217789,60,18456,20,1
281212,185645,39,18857,25,1
609534,402240,56,16910,18,1
327503,576250,59,18609,21,0
739341,630303,49,15284,21,1
514186,588630,15,11108,26,0
523970,657615,57,18095,24,0
656519,302490,42,13273,19,1
233200,545853,29,9237,23,0
510005,489925,50,14387,25,1
568977,317100,32,19159,18,1
306037,336819,39,9829,20,0
350780,267012,57,16091,23,1
322331,491236,42,19930,20,0
756030,775977,58,16399,19,0
585639,346573,38,17979,19,1
591333,385486,36,14383,23,1
216815,765488,33,8912,25,0
273936,528453,33,16079,24,0
389899,629257,39,11750,26,0
703499,216572,49,16780,24,1
587460,428979,48,11587,23,1
771657,163391,35,9898,18,1
333524,330193,59,18699,21,1
668348,351719,44,15479,18,1
600328,694801,46,12798,24,0
366948,252250,22,12119,26,1
306207,620880,49,12017,25,0
526678,744186,32,18744,26,0
268506,741999,56,18695,21,0
723751,172603,52,16352,21,1
351173,458358,30,11854,19,0
220323,211367,26,12943,19,1
275463,564042,41,17655,24,0
463277,473963,33,12307,19,0
560393,254436,49,14123,23,1
525440,439609,29,14935,20,1
462233,256423,17,12313,18,1
348251,400667,31,16212,20,0
686968,234373,52,10544,20,1
778032,239224,27,17683,22,1
793521,782505,28,13049,20,1
676529,315817,23,14835,23,1
286482,388340,60,11486,24,0
457286,327434,54,8122,22,1
313215,414639,53,18669,26,0
425690,256024,53,17102,21,1
628209,458935,34,13268,25,1
580705,521294,35,14768,26,1
209746,524804,49,11194,22,0
731180,537238,21,9213,20,1
451328,830139,60,12596,22,0
215498,510620,40,12492,22,0
770648,791274,39,8569,26,0
718273,796780,30,11616,26,0
675061,706423,17,9762,20,0
754380,417205,54,19312,21,1
261559,779464,30,13294,25,0
668205,157114,26,19591,21,1
431083,708172,56,12897,25,0
457376,186690,43,12285,19,1
224145,602220,17,15724,23,0
526540,339654,36,16742,23,1
265340,294901,52,14454,23,0
206180,218131,41,13465,21,0
597369,615842,53,16789,20,0
575687,644161,42,9116,24,0
530949,381220,45,17139,23,1
426241,654275,34,19771,22,0
511577,796109,38,16457,18,0
245283,769796,52,19589,19,0
287645,479473,35,19821,25,0
646791,167959,47,11825,26,1
355875,675797,55,16216,21,0
473319,454452,40,13466,18,1
753872,317001,51,10004,18,1
722462,781621,48,9250,23,0
479650,312791,41,9771,26,1
691418,848405,39,18782,24,0
333027,457583,26,11880,25,0
545939,165857,39,12786,25,1
339189,522803,55,10377,21,0
770589,626258,21,13921,22,1
224713,357769,58,14110,18,0
244809,768815,36,8306,19,0
518818,318308,58,19361,18,1
250240,200320,47,18009,23,1
272410,485216,16,17054,23,0
765625,411456,32,13118,26,1
566557,302380,52,9506,23,1
747674,425483,32,15220,19,1
737592,532136,28,19536,22,1
663409,714475,31,8420,18,0
370739,452385,56,13625,25,0
729842,366614,47,8830,25,1
616026,492251,60,16433,21,1
316273,399013,23,12265,18,0
493287,805388,27,10830,19,0
719003,807971,50,14824,21,0
674590,739302,38,13192,24,0
509871,512403,16,14963,22,0
558182,741019,45,10680,25,0
326207,240293,47,17896,20,1
497557,651497,58,15335,25,0
501504,781407,50,11081,22,0
423494,393345,60,18895,26,1
389361,802721,36,18563,20,0
437498,612928,54,10457,25,0
646499,188702,39,15384,21,1
611487,848758,58,15706,23,0
281619,557887,25,9508,21,0
760955,356681,40,12141,26,1
592843,616785,47,11521,20,0
645808,425773,43,11621,25,1
609671,501533,43,14856,23,1
712966,485552,53,18491,25,1
462242,705117,55,14040,20,0
784299,592394,54,17591,23,1
390281,678941,28,13521,18,0
473570,283492,31,13386,22,1
663263,427381,54,13374,24,1
585360,380485,57,13042,22,1
519730,505882,37,16560,24,1
402979,544934,39,17501,24,0
409785,444227,36,15842,25,0
701419,355861,15,13253,20,1
604967,518598,39,9472,25,1
349782,153996,35,14464,24,1
409223,418391,26,10692,18,0
723769,502199,30,15793,19,1
290744,435445,59,11689,22,0
372756,641022,40,17195,19,0
321358,443676,36,15324,20,0
680283,313254,42,16727,22,1
796707,153062,42,18621,20,1
282685,264692,41,13834,21,1
369538,821321,60,8250,25,0
590927,831491,29,14263,24,0
637142,354253,53,14024,22,1
513869,820321,51,11193,24,0
362513,287151,53,10862,23,1
761668,212822,30,12383,25,1
667890,230749,29,9794,24,1
466673,204730,37,10693,20,1
332435,570749,44,12283,23,0
481616,220675,29,11471,22,1
608677,698441,53,16726,18,0
250323,574193,51,8973,22,0
552947,594003,46,19693,20,0
686843,638669,17,17416,20,1
462667,512315,34,15390,19,0
253713,556582,45,15127,19,0
201853,240756,18,14711,26,0
503836,391065,22,19656,24,1
671849,170637,59,11093,25,1
765136,489684,29,13074,20,1
741947,636167,39,16914,19,1
439779,791956,26,15332,26,0
288358,785533,30,10486,19,0
704145,797932,23,12731,25,0
712730,325546,21,18984,26,1
592404,713504,31,19219,23,0
374869,582129,47,14212,24,0
595673,801727,30,15970,18,0
477800,661182,55,9297,22,0
677082,473167,48,12708,20,1
223796,180876,27,14866,26,1
560093,732980,50,16641,26,0
323208,323152,18,15049,18,1
342650,542895,23,19643,18,0
464104,607177,58,10462,18,0
318119,236172,42,17008,25,1
308295,751939,31,16530,22,0
244897,609515,51,10848,21,0
502376,825023,21,13589,20,0
368987,193702,34,14534,18,1
361953,365535,19,19013,22,0
759568,485592,23,18540,23,1
731224,309360,53,9115,25,1
494837,185566,18,14770,26,1
251642,275650,52,10083,26,0
326648,368924,58,11227,18,0
235513,226467,22,16364,20,1
227925,642236,21,16218,19,0
562326,672868,16,10780,23,0
603759,798353,43,11501,19,0
283120,391247,60,16005,21,0
311388,280876,47,18958,25,1
371149,759454,37,17260,25,0
451652,317117,54,10021,26,1
397214,649503,19,8775,18,0
252679,574056,24,14107,22,0
570295,163907,23,9260,25,1
528594,508500,26,12245,22,1
249599,671110,53,14847,20,0
609777,348306,26,12416,23,1
250621,746831,15,18209,18,0
759379,151643,26,17642,24,1
795541,765346,32,17825,18,1
348635,305023,24,19432,19,1
762235,567200,42,8270,26,1
544266,517247,31,9825,21,1
525398,682853,55,12542,18,0
525068,684583,38,11038,22,0
355187,840689,39,15026,20,0
288760,400872,21,11151,25,0
488937,617929,36,12309,24,0
519525,431590,20,9255,24,1
715028,421630,38,9812,20,1
387970,248208,23,12288,24,1
779201,391679,41,10245,19,1
636599,311718,18,14931,23,1
644186,798396,46,15223,26,0
751306,227957,24,18124,24,1
561154,575091,16,10509,24,0
730688,329254,38,9513,22,1
774408,458291,49,9213,23,1
221271,573961,59,12907,26,0
318171,238317,23,8251,18,1
482009,696733,26,15899,19,0
799407,231344,44,8085,25,1
371376,777035,32,12552,23,0
577225,396003,22,12354,22,1
393394,359653,44,9644,18,1
477105,430087,18,9319,24,1
249911,820252,55,15568,23,0
355032,662844,50,12067,21,0
410496,733189,25,15386,24,0
274642,406332,16,16973,22,0
396848,417216,29,14479,20,0
204363,714706,41,19603,19,0
559994,252279,40,11811,22,1
576905,640798,48,17213,23,0
353564,175432,15,9501,25,1
755918,175880,45,17666,23,1
684727,284759,24,15986,21,1
623876,499203,15,17064,23,1
279649,719721,19,10418,19,0
263911,426348,58,14357,21,0
632705,453763,17,8844,19,1
200807,655843,48,18354,20,0
419304,803470,15,12094,18,0
335231,361953,36,15656,20,0
365141,626708,41,18250,21,0
766479,294214,24,18494,20,1
416099,559037,45,15904,21,0
500068,652566,29,12631,26,0
717566,432033,26,18122,26,1
782742,719171,23,11939,19,1
601107,399144,37,19288,23,1
402758,215500,48,17238,23,1
263356,253543,19,19689,20,1
469937,748171,51,10291,24,0
511778,178303,39,13594,19,1
539019,499126,51,18078,21,1
359987,600368,57,10341,20,0
612508,352189,47,14211,26,1
509080,366909,37,17556,22,1
640594,352088,22,8230,23,1
662100,443174,51,17297,19,1
778909,250704,28,18213,19,1
657637,554027,46,14577,24,1
739860,588521,21,14798,22,1
403209,415199,20,14994,24,0
506422,475912,53,10962,24,1
347343,362814,25,14350,22,0
752617,748533,33,17500,21,1
762168,567357,45,12667,22,1
516241,367276,48,13286,18,1
474175,240175,24,15739,23,1
357102,328645,46,15156,19,1
569246,828113,57,8195,18,0
273359,273950,46,15944,25,0
519000,741823,24,15247,23,0
605632,370684,52,8277,18,1
761216,633127,32,11232,18,1
537284,764598,38,8759,24,0
238169,279813,58,19838,18,0
487184,389762,48,17092,26,1
346077,745946,37,11940,18,0
542822,402287,50,12067,26,1
720537,474117,38,15791,24,1
254897,512498,54,11556,26,0
549474,380829,48,14210,25,1
441509,408480,51,11411,20,1
593227,542059,60,17444,26,1
461366,216066,23,11169,21,1
460271,593777,46,17184,24,0
409900,757037,50,13486,25,0
200857,536645,22,8027,24,0
614824,383679,16,11577,21,1
509512,551066,15,12630,18,0
283839,334133,34,16377,19,0
291049,417165,46,18927,19,0
236790,177575,41,8537,20,1
626859,356566,41,13287,20,1
291503,814577,15,16701,24,0
595127,689015,32,13744,21,0
466563,630023,22,19979,26,0
598442,270002,44,10381,23,1
387523,653972,25,8304,23,0
575980,760264,18,9189,25,0
753031,506467,58,15098,24,1
614062,812085,20,10083,26,0
488178,844033,53,19417,25,0
349986,286318,24,9353,21,1
779666,528373,35,19070,21,1
457205,601964,17,10408,20,0
580052,559615,57,14908,24,1
725843,262545,26,17413,25,1
787274,652898,32,8537,20,1
741182,468689,40,17237,18,1
745609,255557,48,17271,18,1
621930,394738,31,19991,21,1
787209,522913,16,16885,26,1
693240,457021,19,19222,24,1
332360,684193,58,18297,20,0
369166,743963,26,8684,22,0
435841,254716,53,15860,20,1
384315,385210,56,12220,26,0
683127,359906,44,14494,18,1
618724,189628,46,8682,25,1
523319,428205,42,9002,25,1
550693,818675,46,14162,22,0
370579,458684,29,8975,19,0
514364,431516,42,8703,19,1
297727,263255,49,16891,23,1
725476,814791,54,13968,26,0
269691,554145,20,9660,22,0
693158,156417,18,9244,20,1
772761,197291,56,14898,25,1
634204,801951,54,12548,20,0
773287,442821,18,8080,18,1
317289,777964,37,12121,26,0
581297,705990,60,12271,21,0
552096,822919,55,11063,21,0
248716,373233,37,10281,19,0
633391,703570,51,13506,23,0
576516,406097,52,16359,19,1
248593,248858,22,17281,24,0
787466,822470,19,15600,18,0
679272,167123,22,16046,22,1
642723,197999,15,12622,26,1
759839,472816,60,12027,22,1
720238,246238,26,11421,25,1
482356,494045,40,11289,18,0
766842,378869,46,18005,25,1
728607,688895,40,13510,22,1
796384,314649,42,16242,24,1
507899,459993,34,8609,19,1
249843,829307,17,18858,18,0
214028,154042,45,8577,26,1
495089,618144,53,10224,24,0
341910,326627,35,9867,19,1
337345,200978,34,18583,19,1
571421,286665,43,11687,26,1
683465,369729,25,14706,22,1
694541,584904,59,18357,24,1
546281,596999,22,8151,24,0
397860,217391,33,12883,22,1
578270,228943,30,14194,24,1
709620,644591,46,19986,20,1
597209,679479,23,17742,25,0
751607,695683,50,12197,21,1
581493,724896,29,10889,24,0
299866,640168,49,15250,19,0
443440,195261,27,19883,22,1
687224,727432,46,9228,22,0
653282,835854,53,13764,18,0
428905,748048,49,8543,20,0
282777,513770,49,15095,20,0
749706,224351,18,9643,21,1
711861,337260,38,9628,21,1
339544,524672,27,11093,18,0
302480,833708,58,10283,24,0
406852,277557,55,10222,18,1
687311,200334,45,9932,23,1
316770,789604,29,17928,26,0
743281,556381,34,9602,22,1
277180,349886,50,13071,19,0
250752,236768,38,12552,21,1
442520,621337,34,15334,19,0
370623,176079,38,9097,24,1
417541,686933,54,11454,18,0
368849,774419,40,13716,22,0
737079,726382,22,10183,20,1
669236,725945,23,12659,19,0
381947,543809,23,8513,23,0
464962,769852,58,16356,18,0
707554,784063,35,18576,20,0
720418,836992,35,11927,24,0
353428,526537,15,14836,20,0
478369,499075,19,9725,26,0
394223,575257,57,15514,21,0
638457,161320,15,13331,19,1
345645,438818,50,18096,18,0
309411,296484,31,19558,19,1
676115,513098,27,14552,24,1
521547,732173,55,14306,23,0
337190,275617,55,14966,22,1
412495,596624,58,18600,23,0
773801,461173,17,10705,18,1
307632,820197,37,12747,18,0
357830,815865,30,15678,23,0
601261,245062,39,9414,23,1
737594,179364,15,12802,23,1
608596,203154,57,16887,22,1
470446,796337,37,12436,19,0
288464,598421,26,15594,25,0
583897,715738,60,19591,25,0
771689,638408,23,15965,25,1
733423,654300,39,14026,23,1
597822,376573,45,13341,24,1
736470,694515,18,16570,24,1
466337,548900,19,14857,21,0
622962,446721,27,17751,20,1
635851,401347,28,16990,22,1
467284,228977,17,12720,20,1
460638,675565,41,14843,19,0
249425,328417,47,9770,18,0
605591,264424,35,19245,19,1
309886,290014,30,8354,23,1
292674,818699,47,9226,26,0
251391,310684,56,16026,23,0
297602,509852,58,17688,21,0
513492,150984,49,11551,18,1
560951,297866,23,15143,25,1
352455,541471,34,11140,23,0
480432,405239,36,16783,23,1
216738,574393,22,18815,24,0
210246,483234,33,17945,25,0
265461,305693,19,14942,20,0
352391,700080,19,10937,21,0
411963,721658,51,15404,21,0
568501,405781,25,8958,23,1
666158,206517,17,13573,18,1
390821,507791,16,14492,24,0
360289,745892,50,11640,18,0
713901,352250,47,14927,18,1
529314,602864,23,11695,25,0
440716,616210,35,18286,19,0
419018,168009,52,14387,25,1
556774,325848,59,10440,18,1
283239,433986,57,14132,26,0
448549,788128,18,16187,25,0
676850,572699,37,13592,22,1
616850,326472,15,11329,26,1
608549,245679,18,17154,18,1
735424,540770,39,19982,23,1
424340,392021,26,17273,25,1
295880,699134,47,13957,19,0
530081,157244,16,8463,26,1
467747,287265,59,15634,18,1
561233,616318,25,11937,22,0
529334,556185,34,13246,18,0
360227,444661,34,14792,25,0
782122,782741,35,16022,19,0
249831,308146,46,12126,18,0
642033,229924,32,17329,25,1
783657,557122,60,13662,24,1
377187,782625,55,13424,18,0
